nome;idade;cidade;email;profissao;salario
Alexandre Ferreira;31;Rio de Janeiro;eduarda80@ig.com.br;Engenheiro;12667.47
Lucca Vieira;54;Belo Horizonte;qda-conceicao@aragao.br;Professor;4049.63
Bruno Silveira;21;Brasília;daniloribeiro@fogaca.net;Professor;11631.84
Júlia da Mota;45;Porto Alegre;araujoluiz-otavio@das.br;Designer;4587.18
Matheus Dias;43;Porto Alegre;jcavalcanti@cavalcanti.br;Vendedor;13410.83
Diego Moura;43;Porto Alegre;mendesvinicius@souza.net;Analista;2413.23
Srta. Clarice Costela;40;Fortaleza;enricoda-rocha@bol.com.br;Desenvolvedor;6332.51
Theo Nogueira;21;Salvador;ldas-neves@jesus.net;Advogado;5554.75
Pedro Caldeira;22;Porto Alegre;catarina27@fernandes.com;Vendedor;12174.8
Ryan Fogaça;18;São Paulo;mariane76@araujo.com;Engenheiro;9485.5
Lorenzo Vieira;63;Brasília;salessofia@hotmail.com;Engenheiro;12473.69
João Gabriel Cunha;21;Fortaleza;costalorenzo@ig.com.br;Engenheiro;13827.31
Bianca Dias;50;Salvador;emanuellygoncalves@bol.com.br;Engenheiro;13353.57
Luiz Gustavo Ribeiro;55;Fortaleza;poliveira@da.br;Desenvolvedor;9899.65
Carolina Ribeiro;27;São Paulo;ceciliacavalcanti@das.net;Analista;6951.04
Heitor Rezende;19;Rio de Janeiro;ana-vitoria39@uol.com.br;Designer;12689.15
Guilherme Azevedo;68;Curitiba;pedro-henriquemoraes@freitas.br;Professor;13893.14
Manuela Cunha;41;Curitiba;frezende@aragao.com;Desenvolvedor;8361.91
Kevin Aragão;57;Porto Alegre;benicio57@hotmail.com;Médico;1696.02
Marina da Mata;21;Salvador;apereira@gmail.com;Professor;8622.84
Luiz Henrique Fernandes;40;Curitiba;camilabarros@pereira.com;Designer;3148.45
Srta. Bárbara Lopes;49;Curitiba;tda-paz@hotmail.com;Analista;5849.86
Eduarda Nogueira;25;São Paulo;da-pazstephany@barbosa.br;Advogado;4974.6
Eduarda Oliveira;56;Curitiba;xda-costa@pires.org;Médico;11196.84
Joaquim Vieira;48;Curitiba;igor17@gmail.com;Advogado;8285.65
Joaquim Monteiro;70;Rio de Janeiro;leandro60@campos.br;Analista;2219.91
Guilherme Oliveira;38;Salvador;aragaojoao-miguel@bol.com.br;Médico;1537.14
Pedro Aragão;60;Brasília;portoheloisa@hotmail.com;Analista;9691.79
Felipe Melo;29;Rio de Janeiro;davi-luccamelo@da.org;Advogado;4851.63
Heloísa Porto;43;Brasília;caue17@da.com;Desenvolvedor;3292.2
Gustavo Henrique Fernandes;49;Brasília;diogopires@uol.com.br;Analista;14743.73
Júlia da Rocha;56;Porto Alegre;ana-vitoriacaldeira@farias.com;Advogado;2355.87
Júlia Castro;36;Fortaleza;beatrizribeiro@yahoo.com.br;Analista;10636.44
Valentina Mendes;70;Fortaleza;maria-sophia43@ig.com.br;Advogado;3277.98
Rafael Rezende;45;Belo Horizonte;luanada-cunha@carvalho.br;Engenheiro;10671.61
Manuela Gonçalves;54;Belo Horizonte;carlos-eduardo74@yahoo.com.br;Professor;4228.87
Ana Carolina Azevedo;38;São Paulo;da-costapedro-miguel@alves.com;Professor;14889.78
Milena Pereira;27;Curitiba;nteixeira@gmail.com;Designer;3996.19
Valentina Jesus;65;Porto Alegre;barbosamarina@gmail.com;Advogado;11456.5
Leandro Cardoso;31;Curitiba;da-matadiego@da.com;Desenvolvedor;2906.53
Ana Vitória Fogaça;51;Fortaleza;alopes@uol.com.br;Médico;8238.3
Heitor Lopes;39;Fortaleza;loliveira@yahoo.com.br;Professor;14034.16
Kaique Rezende;19;Fortaleza;daniloribeiro@gmail.com;Médico;13764.39
Isabella Lopes;50;Rio de Janeiro;jfarias@uol.com.br;Professor;7997.96
Rodrigo Moraes;70;Salvador;ana-beatrizjesus@costela.net;Designer;7149.3
Guilherme Oliveira;25;São Paulo;rochajuan@silveira.com;Desenvolvedor;8781.33
Gabriela Pires;44;Brasília;pda-paz@da.br;Designer;14236.72
Kevin Souza;32;Brasília;vicente66@rezende.br;Engenheiro;4238.92
Alexandre Jesus;38;Curitiba;oliveirapedro@yahoo.com.br;Vendedor;6987.96
Ana Vitória Moreira;40;Fortaleza;xviana@bol.com.br;Analista;2622.51
Luiza Freitas;18;Belo Horizonte;marcos-viniciusribeiro@pinto.com;Analista;12241.33
Miguel da Rocha;48;Fortaleza;da-conceicaoarthur@uol.com.br;Analista;13395.25
Alice Martins;33;Salvador;benjaminmendes@gmail.com;Engenheiro;2382.85
Heitor Rezende;33;Rio de Janeiro;maria-sophiada-mota@gmail.com;Engenheiro;4208.83
Ana Sophia Aragão;57;Salvador;davi-lucasda-rocha@ig.com.br;Engenheiro;1638.05
Fernanda Martins;25;São Paulo;martinsrodrigo@uol.com.br;Designer;7437.39
Lorenzo Monteiro;36;Fortaleza;enzo48@santos.com;Analista;10867.94
Henrique Pires;63;Rio de Janeiro;noahdias@correia.org;Designer;10934.22
Letícia Cardoso;19;Brasília;nina81@yahoo.com.br;Professor;1674.64
Emanuella Fernandes;26;São Paulo;uaraujo@yahoo.com.br;Analista;11997.25
João Miguel Nogueira;63;Curitiba;nrezende@correia.com;Médico;13900.86
Thiago Carvalho;60;Rio de Janeiro;saleslarissa@da.com;Desenvolvedor;12645.21
Alexandre da Mata;44;Porto Alegre;freitasnicolas@correia.br;Advogado;9885.02
Matheus Pinto;64;São Paulo;rcampos@bol.com.br;Advogado;1738.03
Ana Carolina Mendes;23;Salvador;juanfernandes@yahoo.com.br;Professor;8181.83
João Gabriel da Mata;29;Rio de Janeiro;silveirajoao-miguel@viana.com;Analista;4992.38
Diogo Campos;20;Fortaleza;xpires@yahoo.com.br;Vendedor;11534.44
Alice Melo;46;São Paulo;jesusthales@vieira.org;Vendedor;8348.89
Maria Alice Freitas;45;Fortaleza;teixeirajoao-miguel@farias.br;Analista;9657.92
João Gabriel Aragão;58;Belo Horizonte;alvesnoah@yahoo.com.br;Médico;10924.68
Evelyn Ramos;69;São Paulo;maria-fernanda59@bol.com.br;Engenheiro;3457.79
Eduarda Pinto;54;Rio de Janeiro;zalves@yahoo.com.br;Analista;13728.18
Bárbara Pires;47;Porto Alegre;xbarros@farias.com;Vendedor;14966.9
Pedro Henrique Viana;34;Curitiba;agathabarros@yahoo.com.br;Designer;9999.25
Laís Cardoso;40;Curitiba;qcardoso@yahoo.com.br;Médico;2657.89
Olivia da Rocha;32;Porto Alegre;luiza02@uol.com.br;Vendedor;3935.0
Marina Ferreira;35;Rio de Janeiro;fernanda62@fernandes.com;Designer;10457.52
Ian Melo;53;Belo Horizonte;gomesmaria-clara@hotmail.com;Professor;1843.21
João Guilherme Pereira;24;Porto Alegre;agathagomes@gmail.com;Analista;9098.02
Maitê Costela;39;Brasília;cardosoemanuella@nascimento.net;Advogado;14353.6
Noah Moraes;39;Brasília;joao-gabriel48@rocha.br;Engenheiro;13210.21
Lara Araújo;67;Curitiba;yagoramos@bol.com.br;Advogado;14661.32
Julia Monteiro;36;São Paulo;vitorda-paz@da.net;Engenheiro;2874.28
Joaquim Pinto;46;São Paulo;alopes@uol.com.br;Vendedor;13943.55
Laura Rezende;28;São Paulo;rfarias@goncalves.com;Analista;2304.4
Eduardo Moraes;27;São Paulo;sarahalmeida@pires.com;Advogado;2599.21
Srta. Ana Beatriz Melo;65;Porto Alegre;emanuellamonteiro@uol.com.br;Vendedor;13152.31
João Felipe Costa;30;São Paulo;gabriela43@cardoso.org;Advogado;12791.06
João Alves;53;Brasília;cavalcantijoao@ig.com.br;Engenheiro;3015.94
João Felipe Nunes;44;São Paulo;liviada-cunha@pinto.com;Advogado;6421.36
Luna Carvalho;49;Salvador;nataliafernandes@yahoo.com.br;Analista;7810.17
Gabriel Viana;61;Brasília;dmelo@hotmail.com;Médico;12866.53
Bianca Sales;34;Belo Horizonte;jrocha@hotmail.com;Vendedor;8035.42
Antônio Correia;41;Rio de Janeiro;almeidalaura@viana.net;Médico;8562.8
Francisco Gonçalves;36;Brasília;vitor-hugocastro@fernandes.net;Médico;10155.27
Pedro Miguel Dias;41;Fortaleza;oliviajesus@vieira.org;Desenvolvedor;14770.88
Srta. Maysa Pereira;52;Brasília;danielamoreira@silveira.com;Engenheiro;6858.01
Maysa da Cunha;32;São Paulo;msilveira@hotmail.com;Advogado;7060.6
Vinicius Nascimento;23;Porto Alegre;fernandeselisa@ig.com.br;Desenvolvedor;3627.11
Srta. Bruna Vieira;57;Fortaleza;csouza@gmail.com;Médico;9562.11
Catarina Carvalho;23;Curitiba;emilly63@fogaca.com;Vendedor;11216.98
Maria Cecília Rocha;46;Rio de Janeiro;nascimentobernardo@correia.com;Desenvolvedor;7417.07
Pedro Miguel Mendes;61;Brasília;zcarvalho@fogaca.br;Advogado;10140.05
Caio Farias;28;São Paulo;isadoramartins@uol.com.br;Médico;14283.04
Maria Sophia Pinto;35;Belo Horizonte;zsilva@bol.com.br;Desenvolvedor;12785.47
Davi Martins;57;Porto Alegre;guilherme69@uol.com.br;Advogado;12108.12
Vitor Farias;20;Porto Alegre;mariada-cruz@barbosa.com;Vendedor;9883.15
Pedro da Cunha;27;Curitiba;luiz-miguel63@bol.com.br;Analista;1577.29
Sarah Silva;35;Salvador;ida-luz@cardoso.com;Designer;6154.51
Maria Clara da Conceição;46;Curitiba;alexandre32@uol.com.br;Professor;12760.92
Luiz Gustavo Mendes;69;Salvador;daniela66@yahoo.com.br;Analista;9404.21
Paulo Lopes;64;Curitiba;fcaldeira@hotmail.com;Analista;12630.38
Maria Vitória Cardoso;27;São Paulo;kalves@cardoso.com;Médico;13381.61
Enzo Gabriel Souza;40;Porto Alegre;lsilveira@ig.com.br;Advogado;14980.69
Igor Peixoto;69;Salvador;yviana@cardoso.br;Desenvolvedor;6299.04
Enzo Gabriel Ramos;23;Porto Alegre;teixeiraleandro@yahoo.com.br;Analista;5104.32
Ana Lívia Correia;38;Fortaleza;heloisa90@ribeiro.br;Desenvolvedor;10552.56
Carlos Eduardo Duarte;45;São Paulo;da-costaalexia@fogaca.net;Advogado;5412.88
Sophie das Neves;36;Porto Alegre;joaoda-mata@mendes.br;Vendedor;14887.7
Theo da Cruz;23;Rio de Janeiro;alvesyasmin@farias.org;Designer;6134.89
Heloísa Sales;24;Belo Horizonte;ana-vitoria22@yahoo.com.br;Engenheiro;11446.56
Antônio Rodrigues;69;Brasília;pedro-miguelda-cruz@yahoo.com.br;Designer;14343.55
Heitor Rezende;46;Belo Horizonte;emonteiro@campos.br;Engenheiro;10115.88
Julia Costa;31;São Paulo;ana-beatriz45@monteiro.org;Advogado;11509.29
Luiz Otávio Silveira;23;Belo Horizonte;aduarte@oliveira.br;Desenvolvedor;3595.09
Ana Lívia Lima;66;Fortaleza;manuela29@vieira.br;Engenheiro;13360.72
Lara Freitas;53;Belo Horizonte;marialima@gmail.com;Médico;5701.59
Maria Alice Mendes;58;Porto Alegre;juandias@oliveira.br;Professor;11172.43
Rebeca Costela;51;Salvador;orezende@da.com;Engenheiro;7217.29
Ana Laura Castro;32;Porto Alegre;pedro-lucas38@oliveira.com;Designer;7160.08
Giovanna da Costa;51;Fortaleza;mcosta@da.com;Vendedor;5334.07
Emanuella Freitas;21;Belo Horizonte;pereiraotavio@gmail.com;Vendedor;11566.47
Bianca Dias;60;São Paulo;mariane39@correia.com;Advogado;9772.27
Melissa Pereira;56;São Paulo;monteiromarcos-vinicius@gmail.com;Analista;4671.87
Kevin Gomes;63;Porto Alegre;mrocha@gomes.com;Desenvolvedor;7349.36
Júlia Santos;69;Salvador;mouraisabelly@uol.com.br;Designer;12195.28
Lívia Farias;27;Fortaleza;isabelaragao@fernandes.br;Desenvolvedor;6503.1
Ian Silva;69;Belo Horizonte;noah55@bol.com.br;Desenvolvedor;8551.69
Fernanda Ramos;27;Salvador;qcostela@barbosa.net;Médico;7574.07
Matheus Costela;21;Rio de Janeiro;maria-alicecardoso@hotmail.com;Designer;7266.09
Maria Julia Almeida;32;Belo Horizonte;ana-luiza37@bol.com.br;Analista;12511.38
Ana Sophia Campos;54;São Paulo;joao-lucas66@gmail.com;Designer;6657.58
Davi Jesus;40;Curitiba;da-matapedro@yahoo.com.br;Desenvolvedor;4537.89
Bianca Dias;60;Rio de Janeiro;gustavo52@hotmail.com;Engenheiro;6367.93
Gabrielly Alves;54;Brasília;brenopinto@bol.com.br;Advogado;14290.1
Isabella da Cruz;63;Fortaleza;heloisa60@ig.com.br;Engenheiro;4061.21
João Miguel Freitas;35;Belo Horizonte;bruno36@ig.com.br;Desenvolvedor;5967.61
Esther Costela;48;Belo Horizonte;maria-alicerodrigues@lopes.com;Professor;7448.72
Davi da Luz;66;São Paulo;benjaminmoraes@moraes.com;Engenheiro;11557.65
Stella da Luz;20;Curitiba;luiz-otavioda-mata@duarte.com;Designer;8416.48
João Gabriel Monteiro;18;Brasília;gabriellyda-conceicao@yahoo.com.br;Analista;9412.47
Maitê Campos;38;Porto Alegre;correiaelisa@ribeiro.br;Advogado;8572.34
Maitê da Mata;26;Rio de Janeiro;luiz-felipe48@barros.com;Analista;13112.76
Srta. Isadora Duarte;46;São Paulo;pedro-lucasazevedo@ig.com.br;Médico;11160.98
Ana Julia da Cunha;42;Belo Horizonte;gustavo-henrique29@bol.com.br;Analista;12720.47
Thiago Moraes;39;São Paulo;anovaes@alves.net;Professor;12716.59
Paulo das Neves;70;Belo Horizonte;alexiaoliveira@yahoo.com.br;Médico;14296.71
Maria Fernanda da Luz;60;Curitiba;wnunes@bol.com.br;Vendedor;3463.21
Luana Ramos;60;São Paulo;ferreiranicolas@vieira.com;Professor;13123.81
Agatha Pinto;22;Rio de Janeiro;heitor65@freitas.net;Professor;6292.02
Alexia Costela;58;Salvador;marcos-vinicius17@gmail.com;Vendedor;14570.57
Valentina Araújo;65;São Paulo;davi-luiz65@da.br;Desenvolvedor;13222.07
Ian Carvalho;47;Belo Horizonte;emilly20@dias.br;Desenvolvedor;8436.77
Anthony Cunha;64;Fortaleza;joao-lucas69@gmail.com;Médico;11873.13
Emanuelly Moura;42;Curitiba;almeidaluiz-otavio@caldeira.br;Analista;5456.79
Daniel Oliveira;61;Curitiba;fporto@mendes.org;Médico;4333.78
Mirella Fernandes;70;Salvador;qfarias@uol.com.br;Designer;14484.35
Benício Lima;45;Salvador;nogueiramarina@da.br;Advogado;4082.24
Gabriela da Costa;48;Brasília;vianaalicia@bol.com.br;Designer;2202.84
Luiz Miguel da Conceição;31;Fortaleza;blopes@yahoo.com.br;Desenvolvedor;4662.52
Arthur Duarte;21;Fortaleza;miguelnascimento@da.br;Desenvolvedor;12220.87
Ana Clara Nascimento;19;Curitiba;pedro-lucasfogaca@da.net;Médico;6141.31
Lucas Castro;24;Fortaleza;isabella58@hotmail.com;Desenvolvedor;8516.15
Diego Oliveira;56;Belo Horizonte;cardosomariane@porto.br;Médico;4425.44
Raul Oliveira;56;Porto Alegre;yasminaraujo@hotmail.com;Vendedor;3892.81
Lavínia da Costa;27;Brasília;pcunha@das.org;Desenvolvedor;12154.65
Laís Gomes;28;Curitiba;kamillysantos@gmail.com;Engenheiro;5061.06
André da Rosa;67;Fortaleza;rafaelarocha@yahoo.com.br;Professor;2151.06
Catarina Correia;19;Rio de Janeiro;sophia09@gmail.com;Desenvolvedor;10023.65
Ana Lívia Dias;31;Fortaleza;zduarte@da.com;Vendedor;11108.67
Kamilly Freitas;50;Rio de Janeiro;carolina67@gmail.com;Vendedor;10209.07
Miguel Teixeira;53;Porto Alegre;fogacaleonardo@ig.com.br;Analista;11993.93
Antônio Barros;69;São Paulo;heloisada-rocha@mendes.com;Médico;4125.75
Benício Fernandes;70;São Paulo;da-motalivia@da.com;Desenvolvedor;5934.99
Luiz Fernando Pereira;57;Salvador;teixeiraisabel@barros.br;Desenvolvedor;3838.17
Alice Caldeira;68;Fortaleza;liviacostela@uol.com.br;Médico;2518.14
Laís da Mota;30;Fortaleza;ncampos@pires.br;Vendedor;12930.56
Lavínia Novaes;55;Salvador;mda-conceicao@cardoso.br;Médico;11787.74
Diogo Moura;67;Brasília;limalorenzo@ig.com.br;Analista;2911.68
Pietra Ramos;49;Belo Horizonte;pietrada-cruz@pires.com;Vendedor;4046.26
Luna Costa;28;São Paulo;ada-costa@yahoo.com.br;Desenvolvedor;10386.17
Srta. Lara Viana;50;Fortaleza;silveiraeloah@fernandes.br;Médico;11417.55
Pietra da Cunha;63;Porto Alegre;costelanoah@yahoo.com.br;Desenvolvedor;1822.19
Ana Sophia da Costa;66;São Paulo;obarros@gmail.com;Desenvolvedor;3778.34
Nina Moreira;23;Fortaleza;rebeca13@yahoo.com.br;Desenvolvedor;10483.25
Pietro Costa;44;Rio de Janeiro;maria-alicemendes@rodrigues.com;Analista;9165.39
Emanuelly Novaes;21;Belo Horizonte;giovannamoura@santos.br;Engenheiro;4995.71
Nathan Correia;54;Curitiba;araujomarcos-vinicius@bol.com.br;Advogado;6323.49
Murilo Moraes;57;Belo Horizonte;barrosdaniel@hotmail.com;Engenheiro;6758.02
Mariana Nascimento;60;Porto Alegre;gda-luz@yahoo.com.br;Vendedor;9099.73
Isabella Fernandes;28;Porto Alegre;fernandacosta@ramos.com;Designer;3678.05
Ana Beatriz Campos;22;São Paulo;monteiromiguel@da.br;Desenvolvedor;7511.03
Sophia Freitas;37;Porto Alegre;antonio41@ribeiro.net;Advogado;13863.29
João Miguel Souza;22;Salvador;eduardarocha@rodrigues.com;Desenvolvedor;2460.1
Srta. Stephany da Cruz;68;Brasília;lorena22@uol.com.br;Vendedor;5982.67
Benjamin Teixeira;33;Brasília;isabellylima@costa.br;Professor;12939.51
Luiz Fernando Silveira;20;Fortaleza;aliciacaldeira@yahoo.com.br;Vendedor;5969.58
Joaquim Vieira;32;Fortaleza;xdas-neves@viana.com;Médico;13883.89
Luiza Martins;47;Porto Alegre;maria-luizabarros@cavalcanti.org;Médico;2638.84
Bernardo Porto;42;Curitiba;pcunha@ig.com.br;Vendedor;7950.92
Gabriel Almeida;39;Brasília;maiteda-luz@costela.org;Professor;9473.53
João Gabriel Azevedo;37;Rio de Janeiro;ana-luiza94@da.com;Médico;5252.81
Joana Nunes;23;Salvador;danielmoraes@hotmail.com;Médico;13969.78
Nicole Costa;49;Salvador;nascimentomatheus@pereira.org;Analista;9766.82
João Lucas Porto;50;Fortaleza;joao-vitor04@uol.com.br;Designer;6208.92
Heloísa Silveira;36;São Paulo;goncalvesfernanda@bol.com.br;Analista;5010.97
Manuela da Mota;69;Belo Horizonte;alana40@bol.com.br;Advogado;2094.94
Heitor Dias;32;Salvador;aragaolarissa@goncalves.br;Advogado;13753.83
Ana Lívia Sales;35;Brasília;nunesana-carolina@monteiro.br;Engenheiro;8972.17
Stella Castro;26;Salvador;clara41@gmail.com;Vendedor;10195.66
Alana Correia;54;Brasília;emonteiro@ramos.br;Vendedor;4504.85
Luiz Gustavo Alves;47;Curitiba;da-cunhaheloisa@ig.com.br;Analista;1663.67
Breno Ferreira;35;Brasília;vicentejesus@bol.com.br;Designer;6506.1
Ian Carvalho;30;Fortaleza;larissacavalcanti@bol.com.br;Advogado;6464.48
Benjamin Santos;68;Rio de Janeiro;hcardoso@ig.com.br;Vendedor;8489.17
Eloah Aragão;65;Porto Alegre;bruna86@oliveira.br;Vendedor;4610.96
Lucas Souza;32;Curitiba;jaraujo@ribeiro.org;Engenheiro;12566.0
Igor Santos;22;São Paulo;vicente95@hotmail.com;Engenheiro;4648.5
Lucas Moura;54;Rio de Janeiro;manuelapeixoto@souza.br;Engenheiro;14708.68
Fernando da Rosa;47;Brasília;andreazevedo@uol.com.br;Professor;3388.12
Enrico Moraes;65;Curitiba;ana-sophiamartins@uol.com.br;Designer;13822.12
Thomas da Rocha;47;Porto Alegre;milena23@pereira.com;Desenvolvedor;2828.67
Julia Castro;67;Curitiba;pietro20@da.com;Designer;4206.07
Eduarda Almeida;63;Salvador;valentina82@melo.br;Engenheiro;1566.42
Luiz Gustavo Peixoto;55;Salvador;fernando25@farias.br;Advogado;7166.22
Lavínia Barros;67;São Paulo;ribeirodaniela@nascimento.com;Advogado;14277.76
Larissa da Cruz;47;Porto Alegre;ndas-neves@uol.com.br;Engenheiro;8976.03
Henrique da Mota;58;Fortaleza;wporto@cavalcanti.net;Médico;8726.77
Lara Nogueira;46;Belo Horizonte;caldeiravicente@goncalves.com;Professor;13203.37
Brenda Teixeira;35;Fortaleza;cavalcantiesther@pereira.com;Desenvolvedor;12740.31
Lorena Rodrigues;26;Brasília;tgomes@uol.com.br;Advogado;4691.28
Benjamin Santos;62;São Paulo;cardosojoao-gabriel@ig.com.br;Designer;6891.67
Camila Teixeira;41;Salvador;otaviomelo@nogueira.com;Vendedor;10784.5
Srta. Ana Beatriz Rocha;29;Curitiba;leonardopereira@cardoso.net;Engenheiro;9611.21
Ana Lívia Rezende;36;Salvador;azevedosofia@yahoo.com.br;Analista;11546.67
Benjamin Pinto;44;Belo Horizonte;mendesluiza@bol.com.br;Engenheiro;7190.67
Gustavo Henrique Azevedo;33;São Paulo;kaique66@almeida.br;Professor;14079.38
Ian Carvalho;48;Rio de Janeiro;mouramanuela@costela.org;Advogado;2983.06
Bryan Duarte;53;Brasília;brenda33@uol.com.br;Médico;12253.0
Pedro Miguel Costela;37;São Paulo;eramos@rocha.com;Vendedor;12129.83
Alice Dias;46;São Paulo;evelyncavalcanti@rezende.com;Desenvolvedor;4083.85
Eduardo Cavalcanti;48;Fortaleza;xda-cruz@uol.com.br;Engenheiro;7728.58
Milena da Rosa;46;Brasília;carlos-eduardocardoso@melo.com;Analista;6065.5
Vinicius Santos;25;Curitiba;kevin14@nascimento.br;Designer;13705.57
João Lucas Campos;42;Salvador;zdias@yahoo.com.br;Engenheiro;12699.62
Ana Sophia Aragão;42;Porto Alegre;araujogiovanna@gmail.com;Médico;12436.3
Lívia Carvalho;63;Rio de Janeiro;ferreiramarcelo@gmail.com;Vendedor;6967.59
Lavínia Gonçalves;25;Fortaleza;danilomartins@uol.com.br;Engenheiro;14374.43
Ana Júlia Aragão;25;Salvador;tmendes@carvalho.br;Analista;11970.0
Davi Luiz Ramos;48;Brasília;evelyn27@melo.br;Advogado;11118.82
Luiz Otávio Freitas;62;São Paulo;marianunes@bol.com.br;Advogado;11346.78
Maria Vitória Lopes;53;Porto Alegre;alana28@uol.com.br;Engenheiro;5890.87
Lorenzo da Luz;43;Rio de Janeiro;andre92@barros.br;Advogado;1874.87
João Pedro Nunes;54;Salvador;rebeca63@alves.br;Designer;12624.94
Vitor Gabriel Teixeira;34;Belo Horizonte;murilo49@melo.com;Médico;1565.57
Alexia Pereira;54;Curitiba;nascimentoluiz-fernando@yahoo.com.br;Desenvolvedor;3846.8
Sophia Nogueira;55;Rio de Janeiro;nmendes@carvalho.org;Advogado;2146.65
Diego Viana;69;São Paulo;isilveira@yahoo.com.br;Professor;2787.0
Bruno Sales;34;Belo Horizonte;lara77@correia.com;Designer;6782.64
Gustavo Moura;59;Belo Horizonte;carvalhobianca@da.br;Engenheiro;14646.24
Helena Gonçalves;37;Brasília;maysa78@dias.br;Advogado;6014.2
Luiz Fernando Alves;20;Belo Horizonte;carvalhomaysa@duarte.br;Médico;12876.73
Davi Lucas Ribeiro;39;São Paulo;agathasales@nascimento.br;Engenheiro;7216.6
Lavínia Peixoto;49;Rio de Janeiro;rodriguesguilherme@bol.com.br;Analista;9414.08
Yuri Cardoso;30;Belo Horizonte;alice95@cardoso.com;Professor;12504.85
Paulo Monteiro;52;Fortaleza;egoncalves@moura.br;Vendedor;11854.38
João Lucas Gomes;41;Porto Alegre;carvalhocarlos-eduardo@da.com;Analista;13865.71
Rodrigo Araújo;34;Belo Horizonte;luiz-fernandocampos@yahoo.com.br;Vendedor;10854.06
Ana Sophia Caldeira;19;Belo Horizonte;brunooliveira@da.org;Advogado;7167.39
Nina Teixeira;44;Fortaleza;ssantos@uol.com.br;Professor;9833.0
Natália Ramos;59;Fortaleza;castrojoao-guilherme@ig.com.br;Vendedor;11738.85
Nicole Moura;43;São Paulo;vda-conceicao@lima.com;Desenvolvedor;3059.19
Lucas Gabriel Ribeiro;40;Salvador;catarinaramos@yahoo.com.br;Médico;5812.28
Isabelly Dias;41;Fortaleza;santosana-carolina@martins.net;Advogado;3120.36
Samuel Carvalho;21;São Paulo;manuela78@ig.com.br;Designer;3133.36
Maria Eduarda da Luz;51;Salvador;vitoria68@bol.com.br;Engenheiro;3397.83
Emanuel Moreira;57;Fortaleza;edas-neves@hotmail.com;Professor;4816.9
Elisa Cavalcanti;34;Belo Horizonte;joao-gabrielda-luz@fogaca.com;Desenvolvedor;14273.03
Rafaela Mendes;27;Belo Horizonte;nascimentojuan@cavalcanti.br;Advogado;8917.99
Guilherme da Mata;54;Curitiba;silveiracaue@da.com;Médico;6525.57
Fernando da Paz;50;Rio de Janeiro;leticia79@yahoo.com.br;Professor;12254.84
Vitória Araújo;54;São Paulo;cramos@gmail.com;Designer;6398.07
Heitor Gonçalves;32;Curitiba;joao-lucas26@yahoo.com.br;Médico;1911.74
Manuela Barros;39;Salvador;nicolas03@silva.com;Designer;4568.66
Isabel Araújo;57;Salvador;levi49@bol.com.br;Professor;4281.91
Enzo Gabriel Aragão;45;Belo Horizonte;hcostela@bol.com.br;Professor;9194.33
Stella Souza;38;São Paulo;maria-vitoriamonteiro@bol.com.br;Analista;11857.12
Levi Nascimento;61;Porto Alegre;da-luzlevi@hotmail.com;Advogado;11121.25
Ana Lívia Rodrigues;67;Brasília;maite49@nogueira.net;Advogado;9699.5
Maria Julia Freitas;19;Fortaleza;yrodrigues@fogaca.br;Advogado;6780.13
Maria Fernanda Viana;25;Belo Horizonte;viniciusnovaes@rezende.br;Desenvolvedor;4222.67
Antônio Duarte;67;Belo Horizonte;da-rosaemilly@das.br;Engenheiro;3333.78
Enrico Cardoso;25;Belo Horizonte;clarice71@fogaca.br;Analista;3269.65
Leonardo Cavalcanti;32;Belo Horizonte;anabarros@dias.com;Desenvolvedor;9497.83
Benjamin Jesus;35;Curitiba;osilva@gmail.com;Vendedor;5299.43
Srta. Laura Correia;56;Salvador;das-nevessamuel@freitas.com;Advogado;12716.46
Gabrielly da Costa;29;Curitiba;aliciafarias@gmail.com;Professor;9330.95
Srta. Ana Moura;23;Curitiba;qfernandes@silveira.br;Advogado;6912.73
Nina Monteiro;69;Porto Alegre;qviana@da.com;Designer;13756.19
Alice Cardoso;41;Brasília;luccada-rocha@uol.com.br;Analista;11398.9
Luiz Miguel da Rosa;56;Curitiba;valentina79@hotmail.com;Analista;5222.1
Pietra Nunes;25;Fortaleza;icardoso@yahoo.com.br;Analista;10389.72
Guilherme Melo;45;Fortaleza;luiz-henrique31@jesus.br;Advogado;6317.4
Laís da Costa;63;Curitiba;henrique32@correia.com;Analista;4154.32
Caroline Ramos;68;Fortaleza;marcela68@correia.com;Médico;5352.96
Maria Cecília Sales;64;Rio de Janeiro;enrico19@dias.org;Analista;13578.32
Vinicius da Mota;57;São Paulo;heitorda-rosa@silva.br;Médico;5148.03
João Guilherme Gonçalves;40;Fortaleza;costaalana@yahoo.com.br;Professor;10177.42
Luiz Otávio Carvalho;51;Salvador;yuri22@ig.com.br;Médico;2697.73
Raquel Rodrigues;41;Belo Horizonte;davi40@almeida.org;Médico;10459.51
Laura Ramos;53;Curitiba;souzajuliana@da.com;Designer;2299.11
Luiz Gustavo da Costa;62;Fortaleza;da-mataolivia@goncalves.br;Professor;2562.37
Brenda Castro;66;Rio de Janeiro;wjesus@novaes.org;Advogado;7004.34
Nathan Viana;48;Belo Horizonte;arthurnunes@bol.com.br;Médico;1652.23
Lara Fogaça;54;Curitiba;cda-rocha@yahoo.com.br;Engenheiro;9387.57
Vitória Martins;62;Fortaleza;icostela@gmail.com;Desenvolvedor;11390.25
Heitor da Cunha;28;São Paulo;jrezende@hotmail.com;Desenvolvedor;10224.74
Pietra Costela;18;Porto Alegre;da-motamatheus@bol.com.br;Vendedor;2137.42
Carolina Cunha;68;Brasília;oda-mota@pereira.br;Designer;14711.25
Ryan Teixeira;27;Fortaleza;alvesana-vitoria@das.com;Analista;1971.63
João Lucas Ramos;69;São Paulo;joao-pedromoura@cardoso.br;Advogado;6921.32
Isabelly Duarte;33;Belo Horizonte;vitoriasales@da.com;Analista;13659.06
Nicole Cardoso;70;Fortaleza;pedro-miguelnogueira@uol.com.br;Analista;10195.49
Vitor Mendes;24;Salvador;luiz-gustavo35@yahoo.com.br;Professor;12364.42
Juan Monteiro;49;Porto Alegre;rafaelalopes@gmail.com;Desenvolvedor;13332.04
Luna Duarte;44;Brasília;ana-beatrizda-luz@yahoo.com.br;Vendedor;14839.76
Gabrielly Ramos;33;Curitiba;ibarbosa@da.br;Desenvolvedor;3839.94
Gustavo Henrique Moraes;36;Brasília;fcarvalho@hotmail.com;Engenheiro;5338.87
Lucas Gabriel Rezende;37;Salvador;dlopes@azevedo.br;Professor;12934.68
Kevin da Luz;35;Brasília;marianeda-rocha@bol.com.br;Advogado;14543.28
Rebeca Costa;49;Rio de Janeiro;laviniaviana@da.br;Médico;11615.23
Isis Farias;69;Porto Alegre;uviana@barbosa.br;Engenheiro;12106.13
Helena Duarte;27;Curitiba;souzajoao-pedro@bol.com.br;Designer;5388.97
Kevin Peixoto;43;São Paulo;maria50@goncalves.com;Vendedor;11014.25
Enzo Gabriel Sales;29;Porto Alegre;bcostela@hotmail.com;Designer;3255.94
João Ribeiro;37;Brasília;manuela07@ig.com.br;Professor;13517.83
Lívia Cunha;44;São Paulo;isabella27@fernandes.com;Engenheiro;9434.99
Luiz Otávio Correia;28;Salvador;hazevedo@correia.org;Analista;2137.01
Esther Barros;68;Salvador;costelajoao-vitor@rocha.net;Advogado;10919.33
Anthony Duarte;57;Salvador;vcorreia@yahoo.com.br;Desenvolvedor;13646.93
Murilo Carvalho;57;Rio de Janeiro;ada-rosa@yahoo.com.br;Professor;9975.62
Maria Eduarda Pires;61;Porto Alegre;gdias@yahoo.com.br;Advogado;7519.54
Breno Oliveira;25;São Paulo;pedrofernandes@yahoo.com.br;Analista;2726.47
Maria Cecília Castro;32;Belo Horizonte;vmoraes@carvalho.com;Designer;3966.27
Heloísa Rodrigues;39;Curitiba;yagoribeiro@costa.br;Desenvolvedor;2254.29
Isabelly Caldeira;59;Curitiba;fernandoaragao@da.br;Designer;5307.09
Enzo Gabriel Rezende;30;Brasília;ccosta@ribeiro.br;Designer;1805.11
Luana Correia;48;Rio de Janeiro;caraujo@bol.com.br;Médico;4239.36
Letícia Rocha;37;Fortaleza;zcavalcanti@santos.org;Designer;8136.76
Milena Monteiro;60;Fortaleza;santosgabriel@pires.br;Designer;13483.6
Vitor Cunha;28;Brasília;luiz-fernando93@hotmail.com;Médico;11212.08
João Felipe da Cruz;34;Rio de Janeiro;juliapires@uol.com.br;Designer;2348.07
Matheus Pires;35;Brasília;miguelaragao@cardoso.br;Advogado;4151.53
Laís Duarte;56;Porto Alegre;laura47@cunha.org;Professor;6959.61
Thiago Barros;38;Curitiba;almeidaotavio@uol.com.br;Professor;3289.3
Sabrina Ramos;23;Porto Alegre;ufernandes@pinto.com;Engenheiro;8241.24
Emilly Souza;61;São Paulo;pedro-henriquedias@silva.br;Analista;9277.67
João Gabriel Nogueira;49;Belo Horizonte;caldeiraheloisa@yahoo.com.br;Designer;13071.36
Clarice Pires;44;Belo Horizonte;sophiapinto@bol.com.br;Advogado;8604.7
Nicolas Martins;43;Salvador;anthonyfreitas@uol.com.br;Advogado;13836.26
Gustavo Sales;21;Curitiba;fogacabenjamin@costela.com;Designer;10096.69
Levi Carvalho;64;Porto Alegre;pedro-miguel69@moreira.com;Analista;2275.75
Lara Martins;64;Belo Horizonte;sophia07@silva.br;Professor;3216.69
Murilo Rezende;64;Salvador;davicosta@correia.com;Designer;2768.92
Juliana Souza;59;Curitiba;alexandre31@ig.com.br;Analista;12810.53
Srta. Emanuelly Gomes;68;Brasília;camilada-conceicao@hotmail.com;Vendedor;4577.85
Ana Vitória Porto;58;São Paulo;moreiraamanda@martins.net;Desenvolvedor;3818.71
Bianca Fogaça;68;Brasília;danilo46@novaes.org;Professor;4064.5
Fernanda das Neves;64;Porto Alegre;moraesluiza@yahoo.com.br;Analista;11859.53
Davi Lucas Dias;55;Belo Horizonte;lnunes@da.com;Médico;8282.72
Ana Júlia Melo;24;Fortaleza;nunesjoao-felipe@freitas.com;Engenheiro;3228.68
João Felipe Lima;33;Rio de Janeiro;miguel08@ig.com.br;Analista;12280.83
Lucas Gabriel Silva;31;Belo Horizonte;matheus29@hotmail.com;Vendedor;9671.7
Sophie Gonçalves;19;Belo Horizonte;ralves@ig.com.br;Vendedor;2943.79
Augusto Pires;43;Brasília;joao-vitor85@gmail.com;Engenheiro;6148.59
Maria Julia Freitas;27;Porto Alegre;maria-cecilia64@costela.com;Vendedor;13380.17
Ana Sophia Barros;40;São Paulo;monteiroana-sophia@hotmail.com;Desenvolvedor;12146.91
Alexandre Martins;49;Fortaleza;evelynsales@yahoo.com.br;Engenheiro;5922.38
Nathan Rocha;65;Belo Horizonte;agathapires@da.net;Engenheiro;10129.13
Srta. Mariane Silveira;64;Porto Alegre;dalmeida@cardoso.com;Engenheiro;12948.95
Rafael Ferreira;43;São Paulo;benicio63@monteiro.org;Analista;10022.77
Otávio Silva;37;Brasília;juan79@alves.com;Analista;13894.27
Srta. Elisa Moura;64;Fortaleza;qlima@da.br;Engenheiro;9648.55
Eduarda da Cruz;62;São Paulo;mnovaes@fernandes.net;Analista;3123.26
Sarah Costa;47;Belo Horizonte;qda-rocha@rocha.com;Analista;12840.88
Fernando Costela;61;Salvador;antonio15@bol.com.br;Desenvolvedor;12089.97
Gabriela Aragão;44;Rio de Janeiro;ramosamanda@costela.br;Designer;13730.26
Alícia Peixoto;51;Rio de Janeiro;maria-vitoriafreitas@viana.org;Analista;5764.8
Luiz Fernando Correia;64;Porto Alegre;souzaleonardo@gmail.com;Médico;3801.76
Luigi Oliveira;28;Porto Alegre;erezende@bol.com.br;Médico;9503.05
Ana Julia Nascimento;45;Fortaleza;luiz-otavio42@costa.br;Analista;5129.32
Calebe Vieira;26;Salvador;emanuellada-luz@carvalho.com;Professor;4988.27
Maria Sophia da Luz;40;São Paulo;luigicosta@ribeiro.com;Engenheiro;12648.99
Natália Souza;54;Salvador;tgomes@nogueira.com;Advogado;10424.42
Natália da Mota;23;Curitiba;arthurdas-neves@da.org;Analista;5039.46
Felipe da Mata;24;Porto Alegre;moreiraamanda@ig.com.br;Engenheiro;5586.45
Marcos Vinicius da Luz;21;Belo Horizonte;liviada-paz@mendes.net;Professor;14455.38
Isaac Pires;61;Belo Horizonte;joaoda-cruz@castro.br;Médico;10182.14
João Miguel Castro;62;Fortaleza;pda-rosa@monteiro.org;Médico;13351.7
Gabriel Cunha;43;Rio de Janeiro;ana-carolina90@araujo.com;Advogado;9435.38
Larissa Souza;46;Brasília;ida-cruz@cunha.br;Designer;8930.22
Rafaela Alves;55;Porto Alegre;theo08@gmail.com;Vendedor;2336.25
Maria Clara Sales;41;Brasília;maria-eduardada-conceicao@caldeira.com;Desenvolvedor;2412.3
Srta. Sophia Pereira;68;Salvador;caldeiraerick@yahoo.com.br;Engenheiro;2938.36
Thomas Alves;42;Curitiba;cardosobarbara@teixeira.br;Engenheiro;14632.21
Bruno Duarte;20;Brasília;caueda-paz@farias.br;Engenheiro;10961.14
Mariane da Cunha;56;Porto Alegre;alanaalmeida@nunes.com;Analista;12357.96
Maria Fernanda Costa;59;Rio de Janeiro;csilveira@yahoo.com.br;Analista;5683.78
Fernanda Sales;56;Curitiba;fernandagomes@ramos.com;Advogado;4296.02
Isadora Araújo;24;Fortaleza;lopescaue@castro.net;Analista;3133.89
Sarah Costela;22;São Paulo;leonardo46@vieira.org;Médico;4224.03
Eduardo Nascimento;46;Rio de Janeiro;luiz-miguel42@bol.com.br;Advogado;14032.27
Otávio Caldeira;40;Salvador;knovaes@hotmail.com;Professor;2856.43
Maria Alice Araújo;59;Porto Alegre;agathaviana@uol.com.br;Designer;11840.43
João Lucas da Rocha;36;Porto Alegre;salesrafaela@moreira.br;Advogado;12968.64
Luiz Gustavo Nunes;40;Salvador;barrosgabrielly@ig.com.br;Advogado;4840.47
Srta. Beatriz Aragão;64;Belo Horizonte;joao-vitor89@campos.br;Advogado;14632.71
Gabriel Rocha;57;Salvador;igor45@bol.com.br;Analista;12895.3
Pedro Henrique Carvalho;32;Fortaleza;nunesdiogo@novaes.br;Vendedor;5708.2
Erick Peixoto;46;São Paulo;drocha@viana.com;Advogado;12497.29
Juan da Mota;22;Porto Alegre;eduarda92@cavalcanti.net;Vendedor;10912.65
Bernardo Alves;23;São Paulo;wpeixoto@caldeira.com;Professor;3190.68
Camila Nascimento;53;Salvador;aragaojoao-vitor@rocha.com;Desenvolvedor;10069.25
Enzo Gabriel Novaes;24;Salvador;thiagopires@teixeira.br;Designer;2107.62
Felipe Aragão;55;Porto Alegre;murilo15@silva.com;Vendedor;14410.3
Miguel da Cruz;46;Rio de Janeiro;rochaeduardo@hotmail.com;Engenheiro;3305.47
Joaquim da Rocha;29;Rio de Janeiro;cardosoalexia@yahoo.com.br;Designer;9780.18
Larissa Gomes;50;Porto Alegre;luiz-gustavofarias@yahoo.com.br;Desenvolvedor;14693.32
Matheus Vieira;31;Porto Alegre;agoncalves@uol.com.br;Vendedor;9268.72
Brenda Fernandes;18;Belo Horizonte;mduarte@uol.com.br;Designer;14150.74
Helena Lopes;60;Rio de Janeiro;paulo26@yahoo.com.br;Analista;7746.38
Lara Carvalho;62;Salvador;eloahsales@viana.net;Engenheiro;6166.9
Vitor Hugo das Neves;61;Curitiba;emanuel54@uol.com.br;Vendedor;12360.75
Arthur Nogueira;31;Brasília;emillyrezende@costa.com;Designer;11600.48
Maria Eduarda Dias;28;São Paulo;fernando80@nunes.br;Engenheiro;14036.79
Luna Dias;40;São Paulo;vitor-gabrielcastro@hotmail.com;Vendedor;7909.7
Mirella da Costa;20;Fortaleza;lavinia05@ig.com.br;Desenvolvedor;14176.12
Isadora Pinto;51;Brasília;da-costaeduardo@da.net;Desenvolvedor;5870.78
João Felipe Moraes;28;Salvador;ggomes@da.br;Advogado;14203.42
Noah Porto;50;Brasília;jda-rocha@hotmail.com;Designer;9716.07
Leandro Nunes;46;Porto Alegre;camilaoliveira@ig.com.br;Designer;7175.06
Gabriela Rezende;58;Rio de Janeiro;da-luzana-clara@yahoo.com.br;Desenvolvedor;9362.76
Agatha da Paz;40;Salvador;walves@azevedo.com;Designer;8303.85
Joaquim Gonçalves;64;Brasília;gustavocunha@porto.com;Engenheiro;6554.77
Joaquim Campos;61;Salvador;ana-julia26@pinto.com;Advogado;9550.97
Luna Souza;24;Rio de Janeiro;lorenzo74@ramos.com;Professor;10264.35
Olivia Cunha;52;Curitiba;davipeixoto@gmail.com;Analista;1967.69
Arthur Moura;37;Belo Horizonte;xdias@uol.com.br;Médico;11441.4
Maria Julia Lopes;49;Fortaleza;carlos-eduardo89@bol.com.br;Designer;4957.42
João Vitor Duarte;44;Fortaleza;hpires@hotmail.com;Vendedor;8945.76
Vicente Moraes;26;Salvador;joanaalves@rodrigues.net;Advogado;2998.22
Murilo Rezende;68;Brasília;pmelo@nunes.net;Médico;9696.65
Melissa Silva;53;Porto Alegre;raquelsantos@cunha.br;Médico;8719.14
Alícia Rezende;32;Rio de Janeiro;felipemendes@cardoso.com;Advogado;12123.34
Luna Barros;22;São Paulo;luiz-fernandocunha@freitas.com;Designer;1676.81
Maria Luiza Farias;45;Curitiba;marcos-viniciussantos@fernandes.org;Professor;5796.57
Stella Melo;43;Salvador;esales@costa.com;Advogado;13203.62
Manuela Melo;42;Curitiba;znovaes@uol.com.br;Professor;3908.65
Gabriela Ribeiro;51;Fortaleza;dda-cruz@caldeira.br;Vendedor;5383.02
Davi Lucas Fogaça;50;Porto Alegre;ana-claracardoso@uol.com.br;Vendedor;7624.89
Sabrina Monteiro;29;São Paulo;gomesvalentina@goncalves.net;Médico;8441.41
Srta. Maria Clara Nogueira;42;Porto Alegre;emillyvieira@teixeira.org;Engenheiro;11916.56
Lorenzo da Rocha;19;Brasília;ana-luiza33@gmail.com;Advogado;13748.61
Matheus Correia;52;Rio de Janeiro;yalves@campos.com;Analista;10975.02
Emilly Cardoso;49;Salvador;feliperocha@cardoso.net;Designer;3612.96
Leandro Oliveira;36;Belo Horizonte;ecastro@mendes.com;Desenvolvedor;11781.65
Thiago Santos;48;São Paulo;enricobarbosa@monteiro.br;Médico;12152.29
Nathan Carvalho;46;São Paulo;beatrizda-conceicao@da.com;Analista;10308.32
Pedro Miguel Duarte;32;Salvador;sophia09@gmail.com;Vendedor;14685.05
Maria Clara Oliveira;58;Brasília;maria-luizaferreira@castro.net;Engenheiro;11353.58
Rebeca Ferreira;41;Porto Alegre;oliveirafernando@yahoo.com.br;Designer;2540.2
Rebeca Porto;61;Brasília;nascimentolucca@melo.net;Vendedor;7800.12
Alexia Pereira;20;Brasília;mdas-neves@costa.br;Professor;2079.64
Ana Carolina Fogaça;49;Porto Alegre;maria-eduarda05@yahoo.com.br;Médico;14095.45
Bianca Cardoso;24;Porto Alegre;rochayago@viana.net;Médico;1584.56
Marcelo Moreira;68;Porto Alegre;wda-rocha@cardoso.com;Vendedor;6286.91
Isaac Cardoso;20;Porto Alegre;luiz-gustavomoraes@gmail.com;Analista;9948.2
Pietro Fernandes;47;Rio de Janeiro;cardosobenicio@gmail.com;Advogado;7519.75
Anthony Nascimento;69;Curitiba;pintomaria-julia@castro.br;Professor;13292.76
Thales Castro;46;Porto Alegre;pvieira@ribeiro.com;Médico;4618.79
Maria Fernanda Moreira;20;Fortaleza;teixeiravitor-hugo@cardoso.com;Professor;12646.27
Sabrina Pereira;66;Belo Horizonte;ylima@nascimento.com;Professor;12916.25
Renan Silveira;50;Belo Horizonte;lorenzoda-cruz@ramos.com;Médico;6548.92
Kamilly Caldeira;42;Brasília;catarinasilva@ig.com.br;Vendedor;9423.74
Breno Azevedo;43;Salvador;yago38@uol.com.br;Médico;11342.99
Olivia Moraes;32;Curitiba;costaesther@gmail.com;Vendedor;3216.77
Helena Mendes;20;Salvador;da-matajoana@cardoso.com;Designer;3755.84
Júlia da Rocha;35;Curitiba;mariaalmeida@gmail.com;Designer;10550.4
Emanuella Pinto;54;Belo Horizonte;nascimentosabrina@lima.net;Advogado;9601.92
Giovanna Dias;58;Salvador;hrodrigues@alves.com;Analista;12496.25
Rafaela Viana;66;São Paulo;rodriguesmarcelo@hotmail.com;Desenvolvedor;4872.06
Davi Luiz Vieira;31;Salvador;nfernandes@da.com;Vendedor;12901.79
Raquel Azevedo;39;Rio de Janeiro;gnogueira@cardoso.com;Designer;4710.83
Vitor Farias;69;Brasília;cauelopes@gmail.com;Professor;4604.77
Joaquim Vieira;67;Fortaleza;larasilveira@pires.br;Designer;6927.43
Isaac da Paz;33;Porto Alegre;juliamoraes@da.com;Médico;8434.18
Ana Clara Porto;61;Porto Alegre;ngomes@uol.com.br;Desenvolvedor;4839.06
Cecília Araújo;60;Salvador;cauafreitas@ig.com.br;Professor;6285.75
Pietra Araújo;20;Curitiba;ivieira@pereira.br;Analista;8966.39
Anthony Araújo;63;Belo Horizonte;nogueiraeloah@gmail.com;Analista;14365.97
Esther Martins;52;Brasília;pereiraguilherme@hotmail.com;Designer;8117.16
Otávio da Conceição;35;Porto Alegre;vitorfreitas@ig.com.br;Professor;8932.79
Srta. Laís Oliveira;22;Rio de Janeiro;xda-cunha@monteiro.br;Advogado;8771.25
Sabrina Castro;66;Brasília;lpeixoto@yahoo.com.br;Professor;4314.23
Ana Beatriz Lima;35;Porto Alegre;maitemoura@alves.org;Designer;2986.07
Camila Caldeira;69;Salvador;lavinianovaes@da.com;Engenheiro;11920.05
Davi Lucas Pires;24;Fortaleza;thalessilva@ig.com.br;Engenheiro;11943.48
João Vitor da Rosa;21;São Paulo;fsantos@bol.com.br;Médico;4641.6
Nicolas Rocha;54;Belo Horizonte;ooliveira@silveira.br;Designer;14655.42
Carlos Eduardo Sales;18;Rio de Janeiro;jesusnathan@gmail.com;Desenvolvedor;13851.65
Theo Moreira;59;Rio de Janeiro;sduarte@almeida.com;Advogado;2397.2
Diogo Duarte;61;Salvador;kevinmoraes@hotmail.com;Vendedor;10258.05
Vitor da Luz;56;Rio de Janeiro;franciscocaldeira@nascimento.br;Médico;2324.08
Yuri Freitas;58;Salvador;maria-eduarda45@uol.com.br;Vendedor;7382.29
Pietro Nascimento;46;Fortaleza;gustavo69@silveira.com;Vendedor;14003.22
Eduardo Teixeira;50;Fortaleza;joao-felipe67@yahoo.com.br;Analista;5728.24
Ana Carvalho;37;Belo Horizonte;luiz-miguelfogaca@pinto.br;Médico;14719.99
Carolina da Mata;61;Salvador;silveiratheo@bol.com.br;Advogado;7439.71
Sofia Fernandes;45;Fortaleza;yagomoura@uol.com.br;Advogado;3035.56
Sophia Rocha;21;Porto Alegre;nicolascarvalho@yahoo.com.br;Professor;4018.12
Ian da Conceição;36;Brasília;marcela41@gmail.com;Vendedor;11732.29
Thiago Freitas;36;Porto Alegre;diogosilva@almeida.br;Designer;10895.64
Nina Pinto;64;Belo Horizonte;ssouza@bol.com.br;Desenvolvedor;10780.93
Lorenzo da Cunha;49;Salvador;barbosaleandro@nogueira.net;Vendedor;6615.34
Luna Dias;42;Rio de Janeiro;silveiraheloisa@bol.com.br;Médico;7151.22
Nicole Cardoso;33;Salvador;vianaalicia@yahoo.com.br;Médico;12480.15
Srta. Eloah Araújo;28;Salvador;caua28@gmail.com;Analista;7951.72
Pedro Miguel Santos;46;São Paulo;slima@ig.com.br;Analista;6725.91
Murilo da Mata;56;Salvador;egomes@moreira.br;Desenvolvedor;11468.5
Marcos Vinicius Fogaça;34;Belo Horizonte;rpereira@uol.com.br;Advogado;4371.91
Sophie Sales;47;Belo Horizonte;caua50@bol.com.br;Designer;4496.38
Isabelly da Mota;25;Porto Alegre;marina10@moreira.org;Advogado;9720.13
Emanuelly Oliveira;66;Fortaleza;lara23@yahoo.com.br;Engenheiro;6934.27
Bárbara Silva;62;Curitiba;rafaela55@moreira.com;Vendedor;3295.74
Ana Julia Alves;22;Brasília;zsales@hotmail.com;Advogado;4285.7
Ana Luiza Oliveira;56;Curitiba;yda-paz@moura.br;Advogado;6251.03
Lara Cardoso;25;Brasília;peixotoana-carolina@rocha.br;Analista;3473.25
Natália Sales;58;Belo Horizonte;mda-paz@pires.com;Designer;11986.22
Bruno Gonçalves;41;Curitiba;jsilveira@da.net;Advogado;7314.38
Matheus Oliveira;24;Curitiba;sda-mota@da.br;Vendedor;2750.15
Eduardo Porto;64;Fortaleza;castrovitor@gomes.net;Vendedor;13332.67
Lucca Castro;38;Salvador;ana-sophiamoraes@hotmail.com;Vendedor;5645.78
Alice da Cruz;45;Brasília;joao-lucas19@costela.com;Designer;14539.61
Agatha Fogaça;25;São Paulo;luiz-miguel48@santos.net;Designer;4939.13
Kaique Rodrigues;24;Curitiba;wfernandes@ig.com.br;Designer;8499.3
Nina da Costa;37;Porto Alegre;kda-costa@yahoo.com.br;Vendedor;6251.31
Natália Pires;54;Rio de Janeiro;vieiraalexandre@gmail.com;Médico;14092.65
Heitor Viana;48;Brasília;caio93@hotmail.com;Designer;10664.36
Olivia Melo;67;Curitiba;silvapietra@santos.br;Professor;11790.35
Giovanna Viana;39;Belo Horizonte;juliacaldeira@ig.com.br;Professor;6375.86
Bryan Fogaça;22;Porto Alegre;calebe68@hotmail.com;Advogado;13069.44
Ryan Duarte;31;Curitiba;souzabenjamin@moura.org;Desenvolvedor;5109.68
Vicente Castro;35;São Paulo;enrico93@ig.com.br;Desenvolvedor;3028.55
Maria Clara Silva;47;Porto Alegre;bcostela@uol.com.br;Vendedor;4637.99
Bryan Nascimento;44;Porto Alegre;luigi80@uol.com.br;Analista;10190.4
Lavínia Vieira;39;Fortaleza;ana-julia51@hotmail.com;Advogado;11981.52
Fernando Rezende;24;Rio de Janeiro;alicia82@campos.org;Engenheiro;5732.28
Amanda Cardoso;69;Curitiba;cavalcantivitor@ig.com.br;Médico;12538.41
Cauã Melo;55;Brasília;ana-luiza73@bol.com.br;Designer;9686.38
Alana Lopes;62;Rio de Janeiro;nataliacastro@ig.com.br;Designer;13761.36
Luigi Fernandes;40;Rio de Janeiro;ucardoso@bol.com.br;Advogado;8306.77
Rodrigo Novaes;42;Curitiba;ana-beatriz29@bol.com.br;Vendedor;14895.3
Thiago da Mota;26;Rio de Janeiro;lda-conceicao@monteiro.net;Professor;3405.48
Sabrina Farias;30;Fortaleza;meloluiz-gustavo@ig.com.br;Médico;6491.89
Sabrina Fernandes;20;São Paulo;ymoreira@sales.com;Engenheiro;3246.3
Srta. Alexia Jesus;32;Belo Horizonte;correianina@cardoso.com;Vendedor;8665.79
João Pedro Souza;37;Porto Alegre;caueda-cruz@nunes.br;Designer;2154.51
Beatriz Dias;54;Fortaleza;thiagosouza@uol.com.br;Médico;9357.26
Maria Eduarda da Luz;20;Salvador;juan27@bol.com.br;Desenvolvedor;11366.47
Helena Porto;44;Curitiba;pedro98@jesus.com;Designer;12971.89
Eduardo Castro;65;Brasília;nmoura@hotmail.com;Analista;8178.21
Gustavo Henrique Fernandes;67;Curitiba;daniela05@da.br;Advogado;6297.74
Ana Clara Moreira;31;Porto Alegre;levi44@uol.com.br;Desenvolvedor;14237.63
Thiago Sales;48;Curitiba;gabrielly81@gmail.com;Engenheiro;5040.4
Augusto Ribeiro;35;Brasília;ribeirokevin@lima.net;Designer;2244.4
Kevin Nascimento;59;Brasília;plopes@souza.br;Professor;12210.55
Vicente Ramos;20;Rio de Janeiro;kamillygoncalves@almeida.com;Advogado;2684.57
Srta. Ana Sophia Ramos;24;Rio de Janeiro;barrosyasmin@gmail.com;Designer;11130.21
Rodrigo Campos;65;Rio de Janeiro;diego20@ribeiro.br;Médico;12198.82
Nicole da Costa;18;Brasília;caldeiramaria-alice@ramos.net;Professor;10787.85
Gustavo Henrique Costela;33;Curitiba;cavalcantiisabel@moura.br;Analista;10586.13
Srta. Stella Pires;36;São Paulo;lopesvitoria@ig.com.br;Professor;10247.18
Juan Pinto;64;Rio de Janeiro;rcostela@novaes.br;Vendedor;7827.12
Milena Peixoto;44;Porto Alegre;carlos-eduardocardoso@ig.com.br;Analista;2360.84
Maria Cecília Nascimento;42;Fortaleza;novaesalice@bol.com.br;Médico;4901.49
André Melo;43;Porto Alegre;leonardocosta@hotmail.com;Desenvolvedor;4926.31
Heitor Aragão;32;Fortaleza;gsilveira@ig.com.br;Engenheiro;2580.17
Ana Laura Alves;43;São Paulo;klima@yahoo.com.br;Analista;11501.42
Olivia Santos;25;Brasília;correiarafael@hotmail.com;Professor;13954.71
Sophia Farias;69;Salvador;carlos-eduardo36@ig.com.br;Professor;3053.16
Gustavo Henrique Almeida;38;Fortaleza;gsales@uol.com.br;Desenvolvedor;13093.97
Heloísa Rezende;25;Brasília;duarteerick@da.br;Designer;3518.57
Leandro Ferreira;49;Fortaleza;souzasabrina@cunha.com;Desenvolvedor;9584.08
Luiza Ferreira;34;Salvador;pda-paz@cavalcanti.br;Vendedor;11158.56
Catarina Peixoto;38;Porto Alegre;da-cunhadiogo@hotmail.com;Desenvolvedor;1859.71
Srta. Ana Julia Gomes;61;São Paulo;brenda80@ig.com.br;Designer;6126.95
Leandro da Luz;20;Curitiba;rdas-neves@peixoto.org;Advogado;6749.47
Ana Laura Dias;65;Salvador;davi-luccarocha@nogueira.com;Professor;3928.85
Nicolas Cardoso;30;Fortaleza;yago75@moura.org;Médico;14109.96
Henrique Moraes;22;Curitiba;caue41@hotmail.com;Engenheiro;11581.5
João Felipe Sales;45;Rio de Janeiro;andrecaldeira@pires.br;Professor;6128.89
Benjamin Dias;41;Fortaleza;cda-rocha@ferreira.com;Designer;1615.33
Gustavo Gonçalves;40;Brasília;hrodrigues@uol.com.br;Designer;7866.77
Mirella Jesus;37;Salvador;pintopedro-miguel@uol.com.br;Médico;5870.78
Luiz Felipe Alves;62;São Paulo;carvalholeticia@ig.com.br;Médico;7927.45
Cecília Barbosa;21;São Paulo;jpires@cardoso.com;Engenheiro;12817.27
Cauê das Neves;20;Brasília;qbarbosa@ig.com.br;Professor;14011.78
Antônio Nogueira;40;Salvador;alexandre47@vieira.br;Médico;9183.56
Carolina Moraes;33;Porto Alegre;thales62@santos.br;Advogado;2698.54
Valentina Rocha;69;Brasília;sfarias@yahoo.com.br;Engenheiro;9838.07
Vicente da Costa;68;Belo Horizonte;hazevedo@campos.com;Médico;10598.09
Daniel Rezende;19;Rio de Janeiro;nsales@ribeiro.com;Analista;8664.65
Caio Fernandes;27;Porto Alegre;yrodrigues@da.com;Designer;13306.5
Calebe Moura;26;Belo Horizonte;otaviomoreira@ig.com.br;Professor;12278.42
Marcos Vinicius Gomes;60;São Paulo;maiteda-cruz@gmail.com;Engenheiro;1803.62
Juan Correia;60;São Paulo;emoraes@yahoo.com.br;Designer;10244.7
Clarice Rezende;31;Belo Horizonte;jesuskevin@yahoo.com.br;Desenvolvedor;4786.64
Letícia Pires;40;Salvador;guilherme63@silva.org;Engenheiro;12064.72
Erick Campos;49;Brasília;davi-luizdias@souza.com;Analista;13228.55
Sophie Moura;32;Brasília;nalmeida@cavalcanti.org;Desenvolvedor;2832.44
Nina da Conceição;37;Rio de Janeiro;andreda-mota@yahoo.com.br;Vendedor;5824.51
Bianca Novaes;47;Rio de Janeiro;lfreitas@uol.com.br;Engenheiro;10480.07
Rafael Lopes;66;São Paulo;cardosoerick@da.org;Vendedor;5950.42
Arthur Castro;28;Fortaleza;rezendehelena@nascimento.br;Professor;4669.32
Alícia Rezende;64;Porto Alegre;laurafogaca@bol.com.br;Analista;5045.37
Davi Lucas Almeida;40;São Paulo;rafaelrocha@bol.com.br;Desenvolvedor;7802.98
Davi Luiz Moura;55;Brasília;amandada-luz@dias.br;Médico;6491.63
Fernando da Costa;60;São Paulo;heloisamendes@da.org;Professor;1571.47
Diego Alves;25;Fortaleza;carvalhoisadora@almeida.org;Advogado;2874.67
Caio Ribeiro;39;Curitiba;davi-lucas96@ig.com.br;Desenvolvedor;11564.55
Sabrina Lopes;68;Porto Alegre;barbosadavi-lucca@pinto.org;Engenheiro;8242.04
Ana Clara Alves;22;Curitiba;raulfreitas@da.br;Advogado;13987.13
Sarah Duarte;24;Salvador;enrico39@rocha.br;Professor;2601.92
Isabel Rezende;42;Belo Horizonte;cauada-costa@carvalho.com;Advogado;8742.78
Bruna Teixeira;57;Belo Horizonte;davi-lucca00@bol.com.br;Designer;2231.2
Mariane Ribeiro;47;Rio de Janeiro;igordas-neves@castro.net;Vendedor;8260.78
Noah Gonçalves;45;Brasília;arthuralmeida@ig.com.br;Analista;3192.82
Raquel Santos;23;Brasília;pda-rosa@ig.com.br;Advogado;2752.97
Ana Julia Porto;30;Salvador;camposcarolina@gmail.com;Médico;14741.66
Bianca Oliveira;40;Rio de Janeiro;jesusyago@aragao.com;Professor;10344.0
Luana Duarte;53;Fortaleza;yago93@bol.com.br;Engenheiro;7236.96
Cauê Rocha;57;Porto Alegre;wbarbosa@gmail.com;Engenheiro;9562.47
Lucas Gabriel Novaes;57;Salvador;rodriguesluiz-fernando@uol.com.br;Engenheiro;3212.23
Alexia Correia;50;Belo Horizonte;leonardomartins@das.br;Vendedor;10044.67
Antônio Nunes;21;Brasília;ufernandes@araujo.com;Desenvolvedor;13275.39
Emilly da Rocha;29;Porto Alegre;jesusnicolas@da.com;Advogado;12968.43
Clarice Souza;24;Brasília;vitoriamonteiro@costela.br;Vendedor;13063.79
João Pedro Fernandes;20;Belo Horizonte;osilveira@viana.br;Professor;13190.26
João Felipe Aragão;22;Fortaleza;apeixoto@bol.com.br;Médico;9184.49
Srta. Isabelly Peixoto;39;Fortaleza;ffreitas@gmail.com;Desenvolvedor;7238.28
Amanda Moura;61;Brasília;olivia93@yahoo.com.br;Designer;6144.11
Breno da Rocha;33;São Paulo;lorenada-mata@azevedo.org;Advogado;6159.76
Luna da Cunha;31;Curitiba;lbarbosa@freitas.br;Analista;6174.22
Ana Vitória Moraes;53;Porto Alegre;peixotopietra@campos.br;Desenvolvedor;8643.11
Ana Clara Costela;36;Fortaleza;anthonyalmeida@bol.com.br;Designer;9466.35
Maria Clara Silva;60;Belo Horizonte;evelynda-cruz@gmail.com;Engenheiro;2455.15
Amanda da Conceição;20;Fortaleza;ribeirothomas@fernandes.br;Engenheiro;3113.72
Leonardo da Costa;44;Fortaleza;henriquecunha@fernandes.com;Designer;9043.51
Fernando Gomes;67;Salvador;isabellapereira@hotmail.com;Professor;2808.77
Samuel Moraes;60;Brasília;cfreitas@gmail.com;Engenheiro;13761.44
Anthony Gonçalves;53;Belo Horizonte;joao-felipe12@ferreira.br;Médico;2062.82
Thomas Porto;33;Fortaleza;levi43@ig.com.br;Desenvolvedor;3009.1
Isabella Souza;54;Curitiba;teixeirabruno@ig.com.br;Engenheiro;8487.64
Pedro Miguel da Mota;38;São Paulo;evelyn06@dias.br;Desenvolvedor;12571.15
Bianca Sales;55;Fortaleza;enzo-gabriel78@sales.org;Designer;12049.56
Srta. Mirella Correia;23;Brasília;uda-cunha@cardoso.com;Advogado;5436.63
Maria Cecília Sales;38;São Paulo;joao-pedro43@hotmail.com;Desenvolvedor;1559.34
Antônio Silva;33;Curitiba;clara12@uol.com.br;Engenheiro;11087.6
Anthony da Conceição;35;São Paulo;antonio09@hotmail.com;Médico;4940.21
João Felipe Farias;52;Curitiba;agathamoura@martins.net;Vendedor;2830.51
Lucca Sales;70;Curitiba;lbarbosa@costa.br;Vendedor;13576.22
Erick Araújo;29;Fortaleza;kaique87@uol.com.br;Analista;5979.21
Laura Aragão;18;Brasília;cecilia92@gmail.com;Analista;3684.12
Rafaela Costela;61;Curitiba;jduarte@uol.com.br;Advogado;8853.42
Yasmin Silveira;36;São Paulo;kamillyda-luz@cavalcanti.br;Médico;5219.04
Rafael Duarte;40;Salvador;elisa46@moura.net;Engenheiro;4849.67
Srta. Valentina Ramos;60;Curitiba;eda-luz@moreira.br;Analista;13377.76
Ana Laura Silva;56;Rio de Janeiro;rcostela@gmail.com;Desenvolvedor;14528.43
Ana Carolina Moraes;69;Rio de Janeiro;pietro39@gmail.com;Engenheiro;8482.98
João Vitor Cunha;50;Brasília;teixeiravinicius@martins.net;Engenheiro;10727.55
Nicolas Aragão;61;Salvador;julia43@moura.net;Designer;9005.22
Agatha Novaes;65;Fortaleza;gteixeira@bol.com.br;Advogado;10953.77
André Silveira;21;Curitiba;thomasda-cunha@teixeira.com;Vendedor;7976.05
Agatha Cavalcanti;55;Porto Alegre;razevedo@ig.com.br;Designer;7851.97
Eloah Gomes;54;Rio de Janeiro;wsilva@cardoso.net;Vendedor;2231.08
Emilly Moura;18;Rio de Janeiro;cecilia62@hotmail.com;Professor;11009.73
Laura da Cunha;51;São Paulo;xda-cunha@uol.com.br;Professor;11254.61
João Felipe Duarte;63;Belo Horizonte;lara75@cunha.com;Vendedor;6863.65
Matheus Sales;64;Curitiba;silveiraana-vitoria@rodrigues.net;Advogado;4257.66
Thomas Carvalho;69;Rio de Janeiro;elisasilva@uol.com.br;Advogado;4277.47
Vitor Gabriel Monteiro;66;Porto Alegre;caueda-cruz@pires.com;Médico;6893.65
Isabella Carvalho;20;Belo Horizonte;giovanna43@gmail.com;Professor;10781.09
Alexandre Ribeiro;33;Porto Alegre;costelajulia@cunha.com;Vendedor;12771.28
Eduardo Barros;43;Curitiba;cavalcantiana-julia@ig.com.br;Médico;8943.76
Luana Cunha;58;Salvador;aaraujo@bol.com.br;Professor;8794.07
Valentina Martins;28;Salvador;ericknascimento@yahoo.com.br;Designer;2385.18
Gustavo Cardoso;25;Belo Horizonte;luizacavalcanti@pereira.com;Professor;10702.79
Mirella Rezende;28;Rio de Janeiro;lucas11@rocha.com;Desenvolvedor;4203.78
Yago Fernandes;58;Brasília;hda-paz@cardoso.com;Advogado;10241.8
Srta. Nicole Nunes;37;Belo Horizonte;fda-luz@pinto.com;Professor;11322.79
João Nascimento;20;Curitiba;milena91@bol.com.br;Engenheiro;5198.48
Vinicius Martins;37;Curitiba;omoreira@campos.com;Designer;10161.71
Marina Azevedo;48;Salvador;sophiasilveira@ig.com.br;Advogado;13604.97
Rodrigo Santos;41;Fortaleza;isabellamonteiro@yahoo.com.br;Designer;4819.95
Nicole Barbosa;35;Belo Horizonte;da-rosajoao-felipe@yahoo.com.br;Médico;14514.72
Davi Lucas da Rocha;52;São Paulo;da-rosamaria-clara@gmail.com;Desenvolvedor;2107.43
Yasmin da Cruz;55;Curitiba;diascamila@bol.com.br;Desenvolvedor;11484.96
Juan Alves;44;Salvador;laura35@ig.com.br;Desenvolvedor;5015.13
Danilo da Mota;49;Rio de Janeiro;cardosofrancisco@uol.com.br;Designer;3266.87
Thomas Ramos;64;Salvador;goncalvesemanuelly@ig.com.br;Vendedor;2707.98
Lucas Pires;18;São Paulo;danilomonteiro@da.br;Vendedor;8980.07
João Vitor Porto;70;Rio de Janeiro;esther89@dias.com;Desenvolvedor;10518.35
João Miguel Ferreira;57;Curitiba;fernandoviana@gmail.com;Designer;3663.18
Ana Julia Alves;42;Porto Alegre;palves@pinto.com;Médico;5702.4
Gustavo Henrique Teixeira;53;Rio de Janeiro;azevedoleticia@yahoo.com.br;Analista;8452.15
Antônio Moreira;42;Rio de Janeiro;hfreitas@fogaca.br;Desenvolvedor;12539.05
Marcela Azevedo;69;São Paulo;luanacarvalho@hotmail.com;Advogado;10786.6
Alice Almeida;50;São Paulo;souzalucas@bol.com.br;Médico;11208.16
Manuela Dias;27;Rio de Janeiro;sofiaviana@gmail.com;Médico;2187.41
Noah Silva;20;Salvador;calebe13@azevedo.br;Engenheiro;8720.24
Melissa Souza;60;Fortaleza;joao-gabrielsilveira@da.com;Professor;8532.47
Juliana Araújo;44;Curitiba;fariasisaac@hotmail.com;Advogado;8016.3
Clara Viana;50;São Paulo;ian05@bol.com.br;Médico;1839.28
Mariane Moreira;45;Porto Alegre;aragaoluiz-gustavo@correia.com;Desenvolvedor;13503.51
Raul das Neves;34;Brasília;lramos@hotmail.com;Designer;12247.09
Bruno Alves;36;Belo Horizonte;qda-cunha@alves.br;Designer;8648.12
Daniel Porto;67;Brasília;ninasilva@gmail.com;Professor;2343.91
Alexia Freitas;41;Brasília;luiz-fernandocampos@duarte.net;Engenheiro;10098.24
Enzo Gabriel Barbosa;35;São Paulo;mdias@freitas.br;Professor;13476.47
Emanuel Martins;46;Porto Alegre;duartegabriel@correia.br;Designer;6195.5
André Fernandes;31;Belo Horizonte;monteiroheloisa@ig.com.br;Vendedor;10740.67
Cecília Pinto;60;Fortaleza;hramos@viana.com;Engenheiro;8750.89
Stella Cunha;41;Belo Horizonte;joanada-rosa@pinto.br;Vendedor;6173.97
Carlos Eduardo da Mota;46;Rio de Janeiro;laviniarezende@campos.com;Engenheiro;12212.0
Valentina Cardoso;60;São Paulo;milena10@moraes.com;Professor;7893.13
Milena Peixoto;23;Salvador;da-cruzluiza@uol.com.br;Engenheiro;9630.9
Beatriz Barros;48;Porto Alegre;hda-rosa@lima.com;Engenheiro;4761.87
Diogo Viana;40;Curitiba;otaviorezende@pires.com;Analista;11500.47
Ryan Duarte;53;Fortaleza;cauemoraes@alves.br;Advogado;13051.62
Lara da Costa;41;Rio de Janeiro;diego12@hotmail.com;Médico;3868.7
Clara Pires;64;Curitiba;gomesluiz-felipe@uol.com.br;Designer;8651.91
Lorenzo Lima;68;Belo Horizonte;onunes@carvalho.com;Desenvolvedor;8517.79
Gabriel Barros;65;Brasília;wpinto@ig.com.br;Médico;13425.26
Thiago Viana;22;Porto Alegre;ana-livia62@nogueira.br;Designer;12452.35
Breno Castro;27;Fortaleza;eda-cunha@oliveira.com;Vendedor;5326.5
Renan Rodrigues;61;Curitiba;rcardoso@vieira.br;Professor;1807.1
Kevin Pereira;35;Belo Horizonte;umoura@oliveira.net;Médico;14338.88
Vicente Nunes;30;Fortaleza;luiz-fernando59@ig.com.br;Professor;13063.74
Otávio Santos;69;Rio de Janeiro;alexandre40@jesus.org;Desenvolvedor;5511.3
Leonardo Rezende;28;São Paulo;gabrielly74@bol.com.br;Designer;5610.38
Felipe Moreira;30;Porto Alegre;osales@da.br;Analista;9749.42
Lucca Silva;52;Rio de Janeiro;ramoslais@viana.com;Analista;2321.33
Murilo da Conceição;52;Fortaleza;da-rochaevelyn@das.com;Designer;3887.53
Agatha Mendes;42;Porto Alegre;luiza58@gmail.com;Designer;13013.94
Leandro Novaes;40;Porto Alegre;oda-paz@gmail.com;Advogado;5347.58
Gustavo Teixeira;59;Porto Alegre;uaraujo@lima.org;Advogado;10214.53
Antônio Azevedo;19;Salvador;levi54@moraes.com;Desenvolvedor;13227.81
Eduarda Teixeira;34;Brasília;gdias@bol.com.br;Desenvolvedor;14289.56
Kaique Moreira;64;São Paulo;emillyda-rosa@uol.com.br;Designer;14914.85
Bárbara Nunes;41;Brasília;diasbianca@uol.com.br;Analista;5886.83
Felipe Moreira;29;Brasília;ana-sophiacorreia@nogueira.net;Advogado;14211.75
Murilo Rodrigues;38;Porto Alegre;camposgabriel@teixeira.com;Analista;10356.57
Evelyn da Mota;36;Porto Alegre;ana-sophiapeixoto@ig.com.br;Professor;4320.94
Kaique da Cunha;29;Salvador;santosisabel@uol.com.br;Designer;4242.14
Maria Fernanda Alves;70;Brasília;cecilia60@da.br;Professor;6398.95
Breno Barros;38;São Paulo;emanuellylopes@bol.com.br;Desenvolvedor;2516.91
João Guilherme Rodrigues;23;Brasília;opires@santos.com;Vendedor;11708.78
Lorena Ramos;54;Fortaleza;vsilveira@santos.com;Designer;10789.85
Srta. Carolina Lopes;54;Curitiba;leandro92@ramos.com;Designer;13635.91
Srta. Amanda Vieira;57;Fortaleza;correiarafael@lopes.br;Desenvolvedor;1625.47
Matheus Duarte;50;São Paulo;alvesluiz-felipe@hotmail.com;Advogado;4486.16
Luiz Fernando Barbosa;40;Curitiba;ana-julia56@yahoo.com.br;Desenvolvedor;9276.27
Laís Farias;19;Rio de Janeiro;rafaelasales@martins.org;Advogado;7740.35
Enzo Gabriel Castro;53;Salvador;rebecarocha@silva.net;Vendedor;4520.1
Laís Dias;25;Porto Alegre;luiz-henriqueda-rocha@pinto.br;Vendedor;13926.07
Luiz Otávio Cardoso;18;Brasília;da-rochayuri@gmail.com;Designer;4117.69
Eloah Melo;63;Brasília;raquelsantos@da.br;Professor;11605.68
Camila da Luz;63;Brasília;nathan41@gmail.com;Analista;14097.29
Mirella Moraes;65;Brasília;oliveiradavi-lucas@bol.com.br;Médico;2988.81
Mariane da Mata;53;São Paulo;joao-gabriel03@fogaca.net;Designer;6155.54
Nicole Cardoso;69;Salvador;ana-julia71@uol.com.br;Advogado;9130.07
Murilo Oliveira;61;Rio de Janeiro;biancaaragao@sales.net;Advogado;11574.53
Maria Alice Cardoso;31;Curitiba;efreitas@fernandes.br;Advogado;5585.78
Catarina da Cruz;55;Belo Horizonte;ana-laura58@monteiro.com;Vendedor;12364.35
Paulo Alves;36;São Paulo;moreiraemanuella@carvalho.com;Analista;10634.42
Luiz Henrique Jesus;20;Porto Alegre;moraeslara@yahoo.com.br;Designer;3100.51
Eduardo Duarte;42;Salvador;maria-eduarda45@yahoo.com.br;Engenheiro;13436.18
Gustavo Henrique Moreira;50;Porto Alegre;rezendesamuel@hotmail.com;Analista;10582.13
Isabella Pereira;69;Fortaleza;gabrielly79@freitas.com;Desenvolvedor;5093.4
Maria Fernanda Barbosa;55;Belo Horizonte;ferreirabruno@uol.com.br;Médico;2884.76
Theo Sales;62;Fortaleza;nathansales@rocha.net;Analista;9717.8
Bárbara Vieira;31;Curitiba;moraesmaite@yahoo.com.br;Desenvolvedor;12176.28
Luigi Rodrigues;36;Rio de Janeiro;enzogomes@azevedo.br;Professor;7311.64
Ana Julia Moraes;67;Brasília;lucaslopes@barros.org;Advogado;7404.65
Igor da Cruz;51;Belo Horizonte;lorenzonogueira@yahoo.com.br;Médico;3642.02
Gustavo Henrique Novaes;31;Belo Horizonte;cunhagustavo@yahoo.com.br;Analista;9823.67
Caroline Vieira;40;Brasília;rnunes@novaes.com;Vendedor;12865.77
Rodrigo Oliveira;55;Porto Alegre;duarteheitor@das.net;Designer;10584.45
Calebe Almeida;32;Fortaleza;clarice06@ribeiro.org;Advogado;4750.78
Pedro Cavalcanti;63;Rio de Janeiro;kgomes@carvalho.br;Advogado;14509.04
Ana Carolina Sales;51;Belo Horizonte;pteixeira@uol.com.br;Designer;2143.19
Juliana Duarte;25;São Paulo;diogocastro@araujo.net;Desenvolvedor;3486.98
Joaquim da Paz;45;Salvador;maysafernandes@hotmail.com;Médico;13822.64
Bryan Melo;25;Salvador;nicolas25@alves.com;Desenvolvedor;4608.89
Luiz Miguel Pires;59;Brasília;falves@aragao.br;Professor;4862.39
Srta. Laís Moraes;60;Brasília;pintosofia@gmail.com;Vendedor;5835.81
Antônio Almeida;30;São Paulo;luna45@ig.com.br;Vendedor;2591.2
Luna Pinto;53;Belo Horizonte;bruna94@novaes.com;Professor;9958.36
Juan da Rocha;46;Salvador;claricemelo@ig.com.br;Engenheiro;13538.34
Evelyn Cardoso;30;Curitiba;vcastro@silva.com;Analista;11452.71
Maitê Novaes;22;Rio de Janeiro;renan02@ig.com.br;Desenvolvedor;10022.34
Isabel Aragão;63;Belo Horizonte;miguel52@hotmail.com;Advogado;9584.56
Luna Pires;19;Rio de Janeiro;da-pazalana@yahoo.com.br;Professor;8672.96
Cauã Lima;32;Rio de Janeiro;andrepinto@rodrigues.br;Advogado;12718.99
Enzo Jesus;57;Porto Alegre;stella12@sales.net;Professor;1822.63
Matheus das Neves;26;Fortaleza;claricealmeida@uol.com.br;Professor;5938.4
Joaquim Nascimento;47;Brasília;camposluiz-miguel@gmail.com;Analista;11568.92
Gabrielly Porto;28;Curitiba;luiz-otavio17@uol.com.br;Engenheiro;10351.72
Esther Rocha;52;São Paulo;da-motaanthony@uol.com.br;Designer;11838.31
Alexandre Moreira;43;Belo Horizonte;mendesluiz-henrique@jesus.br;Analista;11821.21
Lara da Mota;32;Curitiba;mramos@cunha.br;Analista;4250.75
Lívia Rocha;63;Curitiba;rodrigoviana@novaes.net;Engenheiro;12683.66
Alexia da Cruz;29;Salvador;nataliafogaca@jesus.br;Desenvolvedor;8522.14
Cecília Fernandes;25;Brasília;vda-mota@mendes.com;Engenheiro;14011.37
Leandro Cavalcanti;50;Belo Horizonte;aramos@sales.br;Designer;2732.46
Heitor Pereira;57;São Paulo;fmoura@da.com;Desenvolvedor;4828.72
Eduarda Ramos;67;Porto Alegre;esthernascimento@da.com;Professor;13921.05
Luana Ferreira;31;São Paulo;luananunes@bol.com.br;Médico;13392.2
Maitê Lopes;20;Curitiba;davilopes@alves.br;Engenheiro;5736.94
Gabriela Nascimento;44;Belo Horizonte;alvesfrancisco@gmail.com;Vendedor;7380.86
Matheus Correia;67;Rio de Janeiro;raquel34@costela.br;Designer;11734.34
Thomas da Mota;30;Curitiba;ysouza@uol.com.br;Engenheiro;6876.18
Nicolas da Cruz;26;Fortaleza;jesusyasmin@aragao.br;Designer;5138.38
Sophia Rocha;36;Curitiba;cunhaana-sophia@hotmail.com;Médico;13666.33
Maria Julia Cavalcanti;37;São Paulo;emilly98@gmail.com;Engenheiro;9288.93
Ian da Luz;56;Rio de Janeiro;aragaoenzo@gmail.com;Designer;7439.17
Ana Julia da Cunha;45;São Paulo;yramos@jesus.br;Engenheiro;7923.93
Leandro Ferreira;62;São Paulo;ida-costa@ig.com.br;Médico;11069.09
Benício Almeida;31;Brasília;zlopes@peixoto.com;Vendedor;6971.96
Ana Carolina da Paz;57;Salvador;ppires@vieira.br;Analista;11615.74
Isaac Jesus;32;Belo Horizonte;wcardoso@pereira.com;Designer;8102.35
Amanda Gomes;55;Curitiba;caueporto@ribeiro.com;Analista;4752.43
Maria Clara Azevedo;28;Belo Horizonte;jda-cruz@ig.com.br;Engenheiro;8408.07
João Pedro Gonçalves;41;Curitiba;santosian@vieira.com;Designer;4717.19
Mirella Silveira;18;Porto Alegre;luiz-gustavofernandes@cardoso.br;Médico;5905.64
Bruna Martins;30;Belo Horizonte;silveiradavi-luiz@pereira.org;Vendedor;13019.15
Leonardo Ribeiro;53;Belo Horizonte;ana-luiza53@hotmail.com;Vendedor;11421.96
Evelyn Sales;31;Rio de Janeiro;leandro72@ig.com.br;Desenvolvedor;10017.2
Davi Lucas da Conceição;44;Fortaleza;azevedonatalia@vieira.br;Designer;2568.56
Thales da Conceição;37;Fortaleza;correiamarcela@hotmail.com;Vendedor;6121.59
Vicente Barros;34;São Paulo;bruna00@da.org;Engenheiro;14441.77
Luiz Felipe Santos;62;Brasília;luiz-henriquenogueira@mendes.br;Vendedor;3095.28
Guilherme da Mata;27;Fortaleza;pedro-miguelalmeida@ig.com.br;Analista;4539.54
Kevin Rocha;69;São Paulo;portothomas@da.com;Analista;12446.86
Joaquim Cardoso;45;São Paulo;vduarte@cardoso.org;Analista;9157.52
João Vitor Costela;41;Rio de Janeiro;da-costavitor@ramos.br;Professor;8398.93
Murilo Castro;33;São Paulo;correiaraquel@das.com;Analista;3465.22
Brenda Silveira;18;São Paulo;cduarte@gmail.com;Desenvolvedor;12255.61
João Pedro Pereira;48;Porto Alegre;stellaalmeida@ig.com.br;Advogado;2530.71
Stella Fernandes;56;Porto Alegre;fariasmilena@bol.com.br;Vendedor;2280.77
Kaique Correia;56;São Paulo;nascimentoenrico@cunha.net;Advogado;8706.1
Ana Beatriz Azevedo;38;Curitiba;calves@da.com;Analista;4785.11
Luiz Miguel das Neves;39;Belo Horizonte;isismendes@bol.com.br;Designer;8513.3
Ryan Santos;62;Fortaleza;alvescalebe@ig.com.br;Advogado;3205.95
Enzo Lima;42;Belo Horizonte;lorenzocastro@hotmail.com;Designer;4475.74
João Guilherme Rezende;42;Curitiba;anthonycaldeira@uol.com.br;Engenheiro;6954.2
Ana Clara Castro;27;São Paulo;pfarias@uol.com.br;Professor;13138.69
Luiz Felipe da Mata;47;Fortaleza;davi83@bol.com.br;Advogado;5624.62
Danilo Farias;54;Rio de Janeiro;caueda-conceicao@pereira.br;Médico;9434.93
Lucas Almeida;67;Rio de Janeiro;gabriela83@farias.net;Designer;7653.54
Letícia Nunes;69;Rio de Janeiro;mouraleonardo@gmail.com;Engenheiro;11057.98
Ana da Paz;34;Rio de Janeiro;xda-mota@da.com;Médico;14033.16
Miguel Alves;36;Rio de Janeiro;cardosoluigi@uol.com.br;Professor;14537.41
Bruno Jesus;63;Rio de Janeiro;wrezende@goncalves.com;Analista;14373.09
André Mendes;27;Curitiba;zbarbosa@araujo.com;Vendedor;8544.27
Carlos Eduardo da Conceição;24;Brasília;vjesus@cardoso.org;Médico;6725.17
Isabelly Fernandes;49;Porto Alegre;isabelly44@pinto.com;Médico;13674.15
Alice Porto;36;Fortaleza;thalesmendes@souza.br;Advogado;1687.88
Miguel Cardoso;48;São Paulo;peixotosophie@da.com;Advogado;4023.56
Eloah Moura;62;Brasília;laranunes@uol.com.br;Professor;7272.11
Luiz Otávio Lima;41;Brasília;mfernandes@ig.com.br;Designer;2122.01
Alícia Rodrigues;45;Brasília;claricealves@mendes.br;Engenheiro;6779.74
Gustavo Henrique Almeida;42;Porto Alegre;lavinia76@yahoo.com.br;Designer;4425.56
Pedro Lucas Ramos;38;Belo Horizonte;ncastro@costela.br;Desenvolvedor;6798.47
Lorena Carvalho;36;Fortaleza;eduardonunes@gmail.com;Professor;12455.56
Murilo Jesus;64;Salvador;monteirobrenda@uol.com.br;Designer;12751.58
João Felipe Martins;35;Fortaleza;carolinecardoso@da.net;Advogado;2436.25
Emanuelly Nascimento;61;Curitiba;augustodas-neves@bol.com.br;Vendedor;14226.52
Camila Freitas;57;Fortaleza;isabelrocha@gmail.com;Analista;5437.61
Bryan Rezende;30;São Paulo;isabellymonteiro@santos.net;Desenvolvedor;7035.99
Henrique Costa;39;Belo Horizonte;moraesemanuel@moraes.br;Designer;8109.3
Mariana Peixoto;50;Porto Alegre;camposcatarina@monteiro.br;Desenvolvedor;10179.74
Pedro Miguel Teixeira;49;Rio de Janeiro;maysada-rocha@ferreira.com;Designer;8727.48
Gustavo Henrique Moraes;70;Belo Horizonte;joao-lucas88@monteiro.br;Médico;14960.86
Carlos Eduardo da Cunha;56;Porto Alegre;spereira@hotmail.com;Designer;3409.53
Rafaela Costela;58;Fortaleza;vitoria90@uol.com.br;Designer;7167.03
Erick Alves;45;Curitiba;gabriela06@das.br;Médico;11991.18
Maria Alice Melo;51;Belo Horizonte;anthony79@moreira.com;Médico;11449.75
Lucas Gabriel Rocha;55;Fortaleza;santosdiogo@martins.br;Analista;8352.2
Ian Ribeiro;47;Brasília;moreirajoana@yahoo.com.br;Médico;14264.16
Letícia Novaes;28;Belo Horizonte;araujoana-luiza@uol.com.br;Desenvolvedor;9176.35
Antônio Castro;46;Curitiba;da-conceicaodiego@yahoo.com.br;Professor;3747.18
Antônio da Cunha;30;Rio de Janeiro;barbara62@gmail.com;Analista;8316.95
Eduardo Pereira;48;Fortaleza;rmartins@yahoo.com.br;Advogado;8643.34
Luiz Miguel Ramos;69;São Paulo;lunanascimento@gmail.com;Analista;9583.16
Juan Souza;32;São Paulo;sophiesales@hotmail.com;Designer;13963.27
Alice Almeida;60;Fortaleza;da-conceicaomaria-julia@ig.com.br;Professor;6425.35
Bruna Mendes;24;São Paulo;duartemaria-luiza@ig.com.br;Analista;4115.37
Valentina Carvalho;58;Porto Alegre;yalmeida@bol.com.br;Advogado;3435.71
Bruno Fernandes;53;Porto Alegre;laura77@jesus.com;Analista;8080.47
Rafaela Freitas;35;São Paulo;balves@barbosa.com;Analista;9911.79
Bryan Silveira;69;Fortaleza;vda-costa@ig.com.br;Professor;5814.94
Srta. Stella da Cunha;49;Rio de Janeiro;ilopes@yahoo.com.br;Vendedor;11155.16
Gabrielly Martins;22;Brasília;monteirodavi-lucas@carvalho.br;Engenheiro;10578.21
Milena Fernandes;28;Curitiba;cavalcantialana@ig.com.br;Designer;9093.49
Isaac Lima;34;Brasília;felipe19@teixeira.com;Advogado;6765.04
Emanuel Fernandes;59;Belo Horizonte;marianepires@gmail.com;Desenvolvedor;7378.94
Pedro Lucas Novaes;18;Rio de Janeiro;marianagoncalves@campos.com;Designer;8442.09
Camila Melo;35;São Paulo;fernandesrodrigo@da.net;Médico;12367.68
Benício Rodrigues;38;Curitiba;mirella82@da.br;Médico;2953.22
Daniel da Costa;35;Rio de Janeiro;alicerocha@hotmail.com;Designer;5504.97
Isabella Rodrigues;65;Brasília;lunasilveira@bol.com.br;Analista;6295.52
Lorena Duarte;57;Curitiba;monteirolorena@da.org;Vendedor;4865.58
Catarina Cardoso;46;Salvador;maria-fernanda05@uol.com.br;Designer;4731.3
Calebe Nunes;44;Curitiba;caiofarias@nogueira.br;Analista;4666.6
Gustavo Henrique Fogaça;46;Porto Alegre;ubarbosa@gmail.com;Engenheiro;14041.64
Felipe Barbosa;56;Brasília;da-cruzfrancisco@bol.com.br;Designer;10144.32
Lorena Gomes;68;Fortaleza;elisasilva@da.net;Engenheiro;8780.73
Ana Luiza da Conceição;53;Brasília;joao-felipepires@ig.com.br;Vendedor;3796.97
Elisa Monteiro;62;São Paulo;thales11@dias.net;Médico;7059.89
Julia Costa;62;Rio de Janeiro;zrodrigues@santos.com;Analista;1631.73
Joaquim Silveira;68;Salvador;gnovaes@moreira.com;Analista;4358.31
Vinicius Pires;27;São Paulo;emanuellapinto@da.br;Engenheiro;6735.97
Srta. Caroline Correia;46;Curitiba;emanuellasilveira@moraes.net;Vendedor;13354.86
Pietra da Mata;30;Brasília;vfarias@da.br;Advogado;6844.58
Kamilly Carvalho;29;Salvador;teixeiraana-livia@bol.com.br;Advogado;6401.64
Srta. Laís Azevedo;30;Brasília;marcelo57@ramos.br;Professor;3728.76
Bernardo Melo;59;Salvador;tcarvalho@bol.com.br;Advogado;11172.58
Maria Moreira;70;Salvador;diogooliveira@dias.org;Advogado;12984.09
Enzo da Mata;20;Salvador;thales26@gmail.com;Professor;6586.45
Igor Costela;61;Porto Alegre;fnunes@moraes.org;Engenheiro;8060.48
Emanuella Nascimento;67;Fortaleza;cavalcantijoao-gabriel@da.br;Advogado;4197.5
Theo Fernandes;68;Curitiba;cauacosta@hotmail.com;Advogado;2418.54
Benício Teixeira;24;Belo Horizonte;dalves@freitas.com;Advogado;4337.4
Sabrina Moraes;29;Brasília;emilly35@ig.com.br;Desenvolvedor;6466.61
Bruno Ramos;49;Brasília;marcela07@pinto.net;Professor;4230.79
Maria Eduarda Farias;33;Salvador;rda-costa@araujo.com;Advogado;7738.49
Antônio Correia;59;São Paulo;cardosogustavo@ig.com.br;Desenvolvedor;8017.17
Theo da Conceição;64;São Paulo;daniela77@gmail.com;Designer;10738.79
Bárbara Pinto;41;Brasília;joao-lucascastro@mendes.com;Vendedor;10049.02
Enzo Gabriel Pinto;19;Belo Horizonte;ramosemilly@da.br;Engenheiro;10606.12
Thales Nogueira;44;Porto Alegre;joao-gabrielcostela@fogaca.org;Vendedor;3338.27
Maysa Novaes;38;Brasília;barbara87@mendes.br;Designer;7233.29
Luana Fogaça;31;São Paulo;almeidalais@cardoso.net;Médico;7819.06
Brenda Correia;46;Rio de Janeiro;fariaselisa@bol.com.br;Desenvolvedor;13156.14
Renan Teixeira;35;Belo Horizonte;benicioda-mota@hotmail.com;Engenheiro;5975.78
Luiz Gustavo Santos;59;Salvador;lucas20@yahoo.com.br;Desenvolvedor;6608.37
Brenda Nascimento;57;Belo Horizonte;thales18@gmail.com;Vendedor;12738.23
Francisco Costa;29;Belo Horizonte;ana-beatrizgoncalves@hotmail.com;Designer;8150.27
Giovanna Novaes;24;Curitiba;lorena13@correia.org;Desenvolvedor;12016.14
Murilo Duarte;53;Fortaleza;beniciomoreira@alves.com;Advogado;4626.12
Theo Moraes;36;Porto Alegre;marianaalves@souza.com;Vendedor;6199.89
Maria Fernanda Melo;68;Curitiba;joao-miguel64@hotmail.com;Médico;10265.98
Eloah Cavalcanti;34;Brasília;kmelo@rodrigues.com;Engenheiro;6794.97
Esther da Luz;21;Porto Alegre;matheusfreitas@lima.com;Engenheiro;5097.31
Ana Lívia Vieira;39;Porto Alegre;goncalvesmaria-eduarda@bol.com.br;Desenvolvedor;9538.5
Marcos Vinicius Mendes;59;Salvador;limamarina@barbosa.com;Engenheiro;9616.91
Kevin Monteiro;23;Belo Horizonte;anthony70@freitas.com;Professor;13590.88
Yuri Nunes;49;Curitiba;gfernandes@ribeiro.com;Desenvolvedor;10297.05
Maria Fernanda Rodrigues;55;Fortaleza;maria-fernanda03@uol.com.br;Analista;13884.66
Lucas Gabriel Cardoso;42;Curitiba;correiaigor@lima.com;Vendedor;11403.18
Raul da Conceição;40;Salvador;gustavoda-cruz@gomes.br;Engenheiro;12046.07
Luiz Otávio Aragão;20;Rio de Janeiro;wcunha@yahoo.com.br;Médico;5449.43
Joana Silva;69;Rio de Janeiro;noahmonteiro@gmail.com;Analista;9815.64
Heitor Fogaça;32;Curitiba;ian34@costela.br;Professor;6929.89
Alexandre Silva;29;Fortaleza;rochavinicius@peixoto.com;Designer;11266.54
Theo Peixoto;29;Curitiba;oteixeira@rodrigues.br;Engenheiro;2815.96
Igor Sales;33;Salvador;vinicius50@ig.com.br;Vendedor;8410.25
Srta. Evelyn Cavalcanti;24;São Paulo;luizasantos@da.net;Advogado;10744.79
Eloah Martins;65;Porto Alegre;davipereira@gmail.com;Analista;4792.53
Ana Clara Campos;18;Fortaleza;mouramurilo@costa.org;Analista;4681.6
Laís Duarte;27;Rio de Janeiro;peixotoana-clara@jesus.com;Médico;6453.61
Yasmin Mendes;40;Salvador;aragaomaite@bol.com.br;Designer;13349.63
Vitor Hugo Freitas;54;Curitiba;lmoreira@da.org;Engenheiro;3733.68
Gustavo Lima;63;Curitiba;imoura@uol.com.br;Advogado;10097.32
Bruna da Cruz;44;Porto Alegre;leonardobarros@yahoo.com.br;Engenheiro;11727.96
Enzo Gabriel da Rosa;27;São Paulo;limamaria-alice@uol.com.br;Vendedor;4583.23
André Viana;48;Brasília;bda-mota@peixoto.br;Médico;10938.68
Luiz Fernando Campos;41;Brasília;andre13@ig.com.br;Médico;10352.88
Theo Nascimento;51;Brasília;wcavalcanti@pires.org;Professor;11845.24
